time_months,era,survival_prob,ci_lower,ci_upper
0.0,Pre-COVID,1.0,1.0,1.0
3.0,Pre-COVID,0.9983193277310932,0.9932968483465203,0.9995794027376277
4.0,Pre-COVID,0.9941176470588241,0.9877009526335808,0.9971913569788029
5.0,Pre-COVID,0.9907563025210091,0.9833707631176728,0.9948702453130578
6.0,Pre-COVID,0.984873949579832,0.9760987533459619,0.9904431364108377
7.0,Pre-COVID,0.9840336134453784,0.9750821682718466,0.9897861741387172
8.0,Pre-COVID,0.9815126050420174,0.9720577447598467,0.9877882829533771
9.0,Pre-COVID,0.9764705882352942,0.9661023118853604,0.9836942636345757
10.0,Pre-COVID,0.9747899159663871,0.9641397948757934,0.9823060616041245
11.0,Pre-COVID,0.9689075630252104,0.957341473238586,0.9773747656919138
12.0,Pre-COVID,0.9386554621848746,0.9234552874394192,0.9509176533452104
13.0,Pre-COVID,0.9268907563025217,0.9105766248365901,0.9403265335104639
14.0,Pre-COVID,0.9218487394957985,0.9050920736915412,0.9357524216022328
15.0,Pre-COVID,0.9109243697478998,0.8932696292609021,0.9257808512176949
16.0,Pre-COVID,0.9033613445378154,0.8851278482524703,0.91883433057281
17.0,Pre-COVID,0.8941176470588241,0.8752185795155032,0.9103022422268765
18.0,Pre-COVID,0.8798319327731098,0.8599835493685695,0.8970368627214795
19.0,Pre-COVID,0.867226890756303,0.8466106141253538,0.8852623134646568
20.0,Pre-COVID,0.8613445378151268,0.8403898968316995,0.8797475312696775
21.0,Pre-COVID,0.8554621848739499,0.8341809616809065,0.874220967558333
22.0,Pre-COVID,0.8462184873949586,0.8244464662376036,0.8655139728666613
23.0,Pre-COVID,0.8310924369747906,0.8085717688683981,0.8512117285261613
24.0,Pre-COVID,0.7890756302521013,0.764779970841632,0.8111791718019364
25.0,Pre-COVID,0.7806722689075631,0.7560686165045563,0.8031257668382611
26.0,Pre-COVID,0.7705882352941178,0.7456335380987167,0.793443191384958
27.0,Pre-COVID,0.758823529411765,0.7334836744459352,0.7821225424963449
28.0,Pre-COVID,0.7453781512605043,0.7196286817572748,0.7691542090841578
29.0,Pre-COVID,0.729411764705883,0.7032159689479606,0.7537143937150362
30.0,Pre-COVID,0.7159663865546219,0.6894267850035812,0.7406805485360661
31.0,Pre-COVID,0.7067226890756307,0.6799630009258882,0.7317035846536566
32.0,Pre-COVID,0.6949579831932775,0.6679367062838149,0.720259939862815
33.0,Pre-COVID,0.6789915966386555,0.6516473588303031,0.7046974191079004
34.0,Pre-COVID,0.6739495798319333,0.6465108066496879,0.6997755341502783
35.0,Pre-COVID,0.6613445378151263,0.6336846598924191,0.687455691225116
36.0,Pre-COVID,0.6319327731092441,0.6038388373157253,0.6586281370897875
37.0,Pre-COVID,0.6235294117647061,0.5953318400752595,0.6503714738671261
38.0,Pre-COVID,0.615966386554622,0.5876830907150847,0.6429329927680681
39.0,Pre-COVID,0.6075630252100843,0.5791927658194065,0.634659800939319
40.0,Pre-COVID,0.5966386554621853,0.5681682228522029,0.6238918894038659
41.0,Pre-COVID,0.5890756302521011,0.5605442804247622,0.6164288275364017
42.0,Pre-COVID,0.5781512605042018,0.5495439669297948,0.605636919648914
43.0,Pre-COVID,0.570588235294118,0.5419366335360328,0.5981574143674113
44.0,Pre-COVID,0.5630252100840338,0.5343360125745598,0.5906712669398867
45.0,Pre-COVID,0.5521008403361345,0.523369108270993,0.5798462996667643
46.0,Pre-COVID,0.5462184873949582,0.5174695821387201,0.5740118048493789
47.0,Pre-COVID,0.5378151260504204,0.5090486118581528,0.5656699673824281
48.0,Pre-COVID,0.5210084033613449,0.492230996235964,0.5489622562099233
49.0,Pre-COVID,0.5126050420168071,0.48383430614828615,0.5405964321838439
50.0,Pre-COVID,0.5000000000000004,0.471254382026333,0.5280327790543311
51.0,Pre-COVID,0.49243697478991594,0.46371512708272755,0.5204860027026572
52.0,Pre-COVID,0.4865546218487399,0.45785577495317353,0.5146118362497852
53.0,Pre-COVID,0.47394957983193314,0.44531333628406483,0.5020112065893279
54.0,Pre-COVID,0.4714285714285715,0.44280703135959576,0.4994889289480495
55.0,Pre-COVID,0.46302521008403397,0.43445795057122194,0.4910761446838055
56.0,Pre-COVID,0.4546218487394958,0.4261169987432748,0.48265535225128486
57.0,Pre-COVID,0.4462184873949582,0.4177842115967398,0.47422651943365435
58.0,Pre-COVID,0.4403361344537816,0.41195614130740443,0.46832153166294266
59.0,Pre-COVID,0.43025210084033627,0.4019745697226119,0.45818943910183746
60.0,Pre-COVID,0.416806722689076,0.38868444217646203,0.444661652450531
61.0,Pre-COVID,0.4100840336134457,0.3820474417351546,0.4378898312795464
62.0,Pre-COVID,0.40588235294117647,0.3779020699147415,0.4336547368720439
63.0,Pre-COVID,0.4025210084033614,0.3745873058580801,0.4302651546103845
64.0,Pre-COVID,0.3966386554621849,0.3687897665501908,0.42433014588627904
65.0,Pre-COVID,0.39411764705882363,0.36630639814576466,0.4217853023744615
66.0,Pre-COVID,0.3882352941176471,0.36051490413125803,0.4158443564911843
67.0,Pre-COVID,0.3815126050420171,0.3539012890595079,0.40904956427916345
68.0,Pre-COVID,0.37731092436974817,0.34977063893123905,0.4048000127425452
69.0,Pre-COVID,0.3722689075630254,0.34481678615465805,0.3996976784047318
70.0,Pre-COVID,0.3697478991596639,0.34234106495915834,0.3971453288630712
71.0,Pre-COVID,0.36302521008403393,0.33574310150043146,0.3903351795680338
72.0,Pre-COVID,0.35042016806722703,0.323387647668792,0.3775507289082622
73.0,Pre-COVID,0.34621848739495825,0.3192737897244865,0.3732847107394594
74.0,Pre-COVID,0.3411764705882354,0.31434025848023855,0.3681624533941687
75.0,Pre-COVID,0.3403361344537815,0.3135183341915701,0.367308419674501
76.0,Pre-COVID,0.33781512605042036,0.3110531320212773,0.3647457595512388
77.0,Pre-COVID,0.3352878308430605,0.30858227240761804,0.3621762415359845
78.0,Pre-COVID,0.3293460211825506,0.3027739395180755,0.35613448826140554
79.0,Pre-COVID,0.3267929512509029,0.3002793494815584,0.3535373903763028
80.0,Pre-COVID,0.32332565203338676,0.296889091357954,0.3500127880208509
81.0,Pre-COVID,0.31981124277215417,0.29345167562496216,0.3464415068746085
82.0,Pre-COVID,0.3171387254230833,0.2908366662183941,0.34372687670175595
83.0,Pre-COVID,0.3117175506295266,0.28553081919071344,0.33822185112381536
84.0,Pre-COVID,0.3034173791630599,0.2774058683969016,0.3297953406053267
85.0,Pre-COVID,0.3006079589856242,0.2746556588895404,0.3269434609888654
86.0,Pre-COVID,0.2977630887113123,0.2718698249841122,0.32405666098105745
87.0,Pre-COVID,0.2958543509631629,0.27000072695591115,0.3221198298612959
88.0,Pre-COVID,0.29393943607019724,0.2681258638839885,0.32017649613849386
89.0,Pre-COVID,0.292005623990788,0.26623191342379293,0.31821465152662065
90.0,Pre-COVID,0.28708970439498344,0.26141500266187434,0.31323017712455054
91.0,Pre-COVID,0.28510292443377255,0.25946821017204497,0.3112158502989008
92.0,Pre-COVID,0.280065770291833,0.2545311953762194,0.3061105122992874
93.0,Pre-COVID,0.27493636057952836,0.2495028151791322,0.30091323741754555
94.0,Pre-COVID,0.2687113863777276,0.24340356949641695,0.2946035098402505
95.0,Pre-COVID,0.2634631171125376,0.23826402032982918,0.2892817287710049
96.0,Pre-COVID,0.2569845158720654,0.2319152110925577,0.2827181226803566
97.0,Pre-COVID,0.2558955984319294,0.23084848679870076,0.2816146493229826
98.0,Pre-COVID,0.25370845656498975,0.22870616447558548,0.279398131666484
99.0,Pre-COVID,0.2503701873996608,0.22543422641679506,0.2760175366007297
100.0,Pre-COVID,0.2492524633487696,0.22433902636881098,0.2748853970505272
101.0,Pre-COVID,0.24697618514467126,0.22210636565626055,0.2725822928640138
102.0,Pre-COVID,0.2446787322596047,0.21985276811707166,0.27025814969790257
103.0,Pre-COVID,0.24121629736913863,0.21645818440976325,0.2667540311341921
104.0,Pre-COVID,0.23770343866958799,0.21301376642392214,0.26319982917452095
105.0,Pre-COVID,0.23533823032461693,0.21069491331826384,0.2608068044416522
106.0,Pre-COVID,0.23413136760500353,0.20951028049302475,0.25958737019547967
107.0,Pre-COVID,0.2316797302478831,0.20710198684942333,0.25711236163406714
108.0,Pre-COVID,0.22667043878306417,0.20217849065278307,0.2520592883675742
109.0,Pre-COVID,0.22287149288167196,0.19844717140041584,0.2482253432593689
110.0,Pre-COVID,0.21907254698028,0.19472155854842726,0.24438610564288898
111.0,Pre-COVID,0.21653991637935194,0.1922410048652001,0.24182365539862344
112.0,Pre-COVID,0.21274097047795967,0.18852498648902472,0.23797551228729436
113.0,Pre-COVID,0.21145939836664648,0.18727125785616439,0.23667769446026432
114.0,Pre-COVID,0.20889625414402055,0.18476584146881386,0.23408016431877984
115.0,Pre-COVID,0.20502780499320544,0.18098746724558223,0.23015744623667717
116.0,Pre-COVID,0.19983722765160536,0.17592467484695848,0.22488814027190243
117.0,Pre-COVID,0.19591885063882877,0.17210809878172523,0.2209057937146513
118.0,Pre-COVID,0.19459507462099887,0.17081852662488609,0.21956088233173188
119.0,Pre-COVID,0.1932530396236127,0.16951017298680982,0.2181986628009087
120.0,Pre-COVID,0.18497076649688649,0.16143201270072818,0.20979951005995626
121.0,Pre-COVID,0.18214678532899514,0.15867903217383336,0.20693562202927646
122.0,Pre-COVID,0.17649882299321243,0.15318600263653454,0.20119587218026483
123.0,Pre-COVID,0.1750868324092667,0.15181546227902648,0.19975841781035433
124.0,Pre-COVID,0.17365169443869896,0.1504211016655327,0.19829914503729684
125.0,Pre-COVID,0.17215469707284814,0.1489609921190441,0.19678359442148255
126.0,Pre-COVID,0.17215469707284814,0.1489609921190441,0.19678359442148255
127.0,Pre-COVID,0.16905281063910313,0.1459276398087922,0.19365313171691653
128.0,Pre-COVID,0.16431301220996944,0.1412950534273952,0.18886953497432118
129.0,Pre-COVID,0.16112246828356228,0.13818198508416937,0.1856454093194607
130.0,Pre-COVID,0.15951124360072658,0.13661077036198968,0.18401683661239673
131.0,Pre-COVID,0.15622235198009302,0.13340148452423525,0.18069627357111792
132.0,Pre-COVID,0.15107216455217798,0.12836582348495584,0.17551224465793291
133.0,Pre-COVID,0.14935543540953952,0.12669230337423015,0.17377960126823574
134.0,Pre-COVID,0.14759831264001547,0.12497676080874527,0.17200991178221278
135.0,Pre-COVID,0.14226343386989432,0.1197770827124844,0.16663071587541634
137.0,Pre-COVID,0.14226343386989432,0.1197770827124844,0.16663071587541634
138.0,Pre-COVID,0.1404395436920752,0.11799934653667621,0.16479332828814808
139.0,Pre-COVID,0.1385916549592847,0.11619828904229353,0.1629325617375465
140.0,Pre-COVID,0.13674376622649434,0.11440070711944438,0.16106860063987544
141.0,Pre-COVID,0.1348705639494191,0.11257855837924657,0.1591800008803789
142.0,Pre-COVID,0.13299736167234383,0.11076011022598227,0.15728800076293775
143.0,Pre-COVID,0.13106986367709247,0.10888511139114473,0.15534684617786737
144.0,Pre-COVID,0.125201063810954,0.10318995888536035,0.14942733552377896
145.0,Pre-COVID,0.125201063810954,0.10318995888536035,0.14942733552377896
149.0,Pre-COVID,0.12318169181400312,0.10123031124094849,0.14739334087585015
150.0,Pre-COVID,0.11712357582315047,0.09538231962235462,0.14126296697440557
151.0,Pre-COVID,0.11510420382619964,0.09344340725423342,0.1392099539761145
152.0,Pre-COVID,0.1130848318292488,0.09150976350243933,0.13715210913857612
154.0,Pre-COVID,0.10904608783534703,0.08765845127614885,0.13302176863900675
155.0,Pre-COVID,0.1048520075339875,0.0836584861170678,0.1287413458672606
156.0,Pre-COVID,0.1048520075339875,0.0836584861170678,0.1287413458672606
159.0,Pre-COVID,0.10262111375666864,0.08151941827772824,0.12648292763882737
162.0,Pre-COVID,0.10039021997934974,0.0793886232977143,0.12421694122865791
163.0,Pre-COVID,0.10039021997934974,0.0793886232977143,0.12421694122865791
165.0,Pre-COVID,0.09810862407072816,0.07720960244370259,0.12190249673866088
166.0,Pre-COVID,0.09577270444999654,0.07497901666822175,0.11953628409601978
167.0,Pre-COVID,0.09577270444999654,0.07497901666822175,0.11953628409601978
168.0,Pre-COVID,0.09337838683874662,0.07269312457117355,0.11711459838373732
169.0,Pre-COVID,0.09337838683874662,0.07269312457117355,0.11711459838373732
171.0,Pre-COVID,0.09337838683874662,0.07269312457117355,0.11711459838373732
174.0,Pre-COVID,0.09085464665391564,0.07027239576493943,0.11458214534261103
175.0,Pre-COVID,0.08833090646908463,0.0678658178046685,0.11203678448133947
176.0,Pre-COVID,0.08833090646908463,0.0678658178046685,0.11203678448133947
179.0,Pre-COVID,0.0857329386317586,0.0653895480178882,0.10942172898906165
180.0,Pre-COVID,0.08313497079443259,0.0629294600955182,0.10679193348891966
181.0,Pre-COVID,0.08053700295710657,0.06048573306785452,0.10414724474479106
184.0,Pre-COVID,0.08053700295710657,0.06048573306785452,0.10414724474479106
185.0,Pre-COVID,0.07785243619186968,0.057961464217707155,0.10142175327018052
186.0,Pre-COVID,0.07248330266139591,0.05297071002922326,0.09591826560322325
189.0,Pre-COVID,0.06711416913092212,0.048059309615497016,0.09034275444299211
191.0,Pre-COVID,0.06711416913092212,0.048059309615497016,0.09034275444299211
192.0,Pre-COVID,0.0643177454171337,0.04551197143759555,0.08744248399411007
198.0,Pre-COVID,0.0643177454171337,0.04551197143759555,0.08744248399411007
202.0,Pre-COVID,0.06125499563536541,0.04269417172873615,0.08432758118782988
205.0,Pre-COVID,0.058192245853597134,0.039913175278063845,0.08117943870085378
213.0,Pre-COVID,0.05512949607182887,0.03716992308348708,0.07799726119748931
216.0,Pre-COVID,0.05206674629006061,0.03446558774588958,0.07478004655808357
222.0,Pre-COVID,0.04900399650829233,0.03180160696113007,0.071526558276934
229.0,Pre-COVID,0.04594124672652406,0.02917972763611431,0.06823528921338469
239.0,Pre-COVID,0.04287849694475578,0.026602064113850417,0.06490441408885701
240.0,Pre-COVID,0.03958015102592842,0.023826930500693996,0.06136957879182675
241.0,Pre-COVID,0.03628180510710105,0.021118591416891163,0.05777534570453625
245.0,Pre-COVID,0.03298345918827369,0.018481801045211386,0.054117749491748156
248.0,Pre-COVID,0.02968511326944632,0.01592264019232815,0.050391760591122034
252.0,Pre-COVID,0.02968511326944632,0.01592264019232815,0.050391760591122034
256.0,Pre-COVID,0.02968511326944632,0.01592264019232815,0.050391760591122034
260.0,Pre-COVID,0.02968511326944632,0.01592264019232815,0.050391760591122034
276.0,Pre-COVID,0.024737594391205268,0.011782849792882574,0.04588510263715181
299.0,Pre-COVID,0.024737594391205268,0.011782849792882574,0.04588510263715181
306.0,Pre-COVID,0.024737594391205268,0.011782849792882574,0.04588510263715181
421.0,Pre-COVID,0.024737594391205268,0.011782849792882574,0.04588510263715181
432.0,Pre-COVID,0.0,0.0,0.0
0.0,COVID,1.0,1.0,1.0
5.0,COVID,0.9927007299270075,0.9493209783975216,0.9989685652128395
7.0,COVID,0.9854014598540146,0.9428931086190266,0.9963288282717547
8.0,COVID,0.9781021897810215,0.9336518315792833,0.9928846128456345
9.0,COVID,0.970802919708029,0.9240823970227288,0.9889406650424808
10.0,COVID,0.9562043795620433,0.9051183670309325,0.980082852833354
11.0,COVID,0.9343065693430653,0.8775584517694618,0.9652662692704853
12.0,COVID,0.9051094890510949,0.8421982717533927,0.9437650500901624
13.0,COVID,0.8978102189781016,0.8335535102136805,0.93816767881059
14.0,COVID,0.8832116788321168,0.8164578411444068,0.9267614967409108
15.0,COVID,0.8759124087591238,0.8079981132213548,0.920963697227423
16.0,COVID,0.854014598540146,0.7829286742856378,0.9032426789263303
18.0,COVID,0.8394160583941606,0.766445669634281,0.8911883414561194
19.0,COVID,0.8248175182481753,0.750125475207168,0.8789657189617827
20.0,COVID,0.8102189781021895,0.7339537049482551,0.8665907873909182
23.0,COVID,0.7664233576642332,0.686219300520726,0.8286718374189082
24.0,COVID,0.7007299270072991,0.6164551137423326,0.769945454510886
25.0,COVID,0.6934306569343064,0.6088219529633034,0.7633022384474325
28.0,COVID,0.6715328467153284,0.5860524807439433,0.7432437195431081
31.0,COVID,0.6642335766423355,0.5785047934976193,0.7365158615310173
32.0,COVID,0.6496350364963501,0.5634707148338991,0.7229996458794843
33.0,COVID,0.6350364963503649,0.5485165269916387,0.7094047218506964
34.0,COVID,0.6131386861313866,0.5262308780787598,0.6888692167952681
35.0,COVID,0.5985401459854015,0.511468539008176,0.6750859826126111
36.0,COVID,0.5839416058394157,0.49678046807734827,0.6612301142853737
37.0,COVID,0.5693430656934305,0.48216559815003185,0.6473027996204535
38.0,COVID,0.5547445255474451,0.4676230702857368,0.6333050176280383
39.0,COVID,0.5474452554744523,0.4603787202213015,0.626279953488001
40.0,COVID,0.54014598540146,0.45315222213151723,0.6192375515040603
41.0,COVID,0.5255474452554744,0.4387525791189888,0.6051009986998037
42.0,COVID,0.4963503649635037,0.4101659139062445,0.5766221365867598
45.0,COVID,0.481751824817518,0.39597883669532385,0.5622801489856593
46.0,COVID,0.45985401459854003,0.37483164482871256,0.5406387672471964
47.0,COVID,0.45255474452554745,0.36781837992915317,0.5333905900295887
48.0,COVID,0.43065693430656937,0.346887115045205,0.5115420615879523
50.0,COVID,0.40875912408759135,0.3261209845241935,0.4895356655305624
51.0,COVID,0.4014598540145986,0.3192362785378156,0.48216458933262657
53.0,COVID,0.3868613138686131,0.3055238843849793,0.4673681662891371
54.0,COVID,0.3795620437956204,0.2986965858798458,0.45994248615384153
55.0,COVID,0.3795620437956204,0.2986965858798458,0.45994248615384153
56.0,COVID,0.3795620437956204,0.2986965858798458,0.45994248615384153
57.0,COVID,0.3795620437956204,0.2986965858798458,0.45994248615384153
58.0,COVID,0.3795620437956204,0.2986965858798458,0.45994248615384153
59.0,COVID,0.37052485227667714,0.289916277594924,0.4510777673031509
60.0,COVID,0.3602324952689916,0.27968947246161324,0.4412237314296433
61.0,COVID,0.3602324952689916,0.27968947246161324,0.4412237314296433
62.0,COVID,0.3602324952689916,0.27968947246161324,0.4412237314296433
63.0,COVID,0.34582319545823204,0.2642402300017325,0.4286319554243001
64.0,COVID,0.33010395930103964,0.24732496137802543,0.415071421935616
65.0,COVID,0.33010395930103964,0.24732496137802543,0.415071421935616
67.0,COVID,0.33010395930103964,0.24732496137802543,0.415071421935616
69.0,COVID,0.33010395930103964,0.24732496137802543,0.415071421935616
70.0,COVID,0.33010395930103964,0.24732496137802543,0.415071421935616
71.0,COVID,0.33010395930103964,0.24732496137802543,0.415071421935616
72.0,COVID,0.33010395930103964,0.24732496137802543,0.415071421935616
73.0,COVID,0.33010395930103964,0.24732496137802543,0.415071421935616
74.0,COVID,0.33010395930103964,0.24732496137802543,0.415071421935616
0.0,Post-COVID,1.0,1.0,1.0
1.0,Post-COVID,1.0,1.0,1.0
2.0,Post-COVID,1.0,1.0,1.0
3.0,Post-COVID,1.0,1.0,1.0
4.0,Post-COVID,0.9946236559139776,0.9624529375124337,0.9992409162773062
5.0,Post-COVID,0.9838125292192601,0.9506565557548933,0.9947504475718788
6.0,Post-COVID,0.9838125292192601,0.9506565557548933,0.9947504475718788
7.0,Post-COVID,0.9729416725428037,0.9362168196003054,0.9886480173476563
8.0,Post-COVID,0.9674757080903159,0.9290386436573267,0.9852562597429477
9.0,Post-COVID,0.9674757080903159,0.9290386436573267,0.9852562597429477
10.0,Post-COVID,0.956160202732534,0.9142304071867471,0.9778376339365735
11.0,Post-COVID,0.933120197847412,0.8851784852595282,0.961475474238375
12.0,Post-COVID,0.9094969016993765,0.856422707708514,0.9435913227068229
13.0,Post-COVID,0.8852436509873932,0.8276399887366012,0.9244661329863986
14.0,Post-COVID,0.8666721058617834,0.8060008656882484,0.9094262267400374
15.0,Post-COVID,0.8411817498070245,0.7766939357467475,0.8883754003431377
16.0,Post-COVID,0.8347605150756734,0.7693988750200351,0.8829956159151965
17.0,Post-COVID,0.8148852647167284,0.7468777081510987,0.8662486012510553
18.0,Post-COVID,0.8014160867875263,0.7317485313567871,0.8547781938450808
19.0,Post-COVID,0.7878327632826526,0.7166072369924967,0.8431104828087206
20.0,Post-COVID,0.7807351708206471,0.7086686574844315,0.8370191522635564
21.0,Post-COVID,0.751548809294642,0.6762295146633881,0.8117837257686493
22.0,Post-COVID,0.751548809294642,0.6762295146633881,0.8117837257686493
23.0,Post-COVID,0.736052957556608,0.6590281442855829,0.7983419073719107
24.0,Post-COVID,0.704050655054147,0.6238167531600021,0.7703319142759368
25.0,Post-COVID,0.6880495038029159,0.606480575793921,0.7561254245917639
26.0,Post-COVID,0.6552852417170626,0.5713048846014649,0.7267771059231612
27.0,Post-COVID,0.646775043772685,0.5621985990165818,0.7191273728123119
28.0,Post-COVID,0.6295277092720801,0.543827155006473,0.7035587159635636
29.0,Post-COVID,0.620269948841608,0.5338847780073838,0.6952623968680713
30.0,Post-COVID,0.6101015890245323,0.5227918131317948,0.6862835458404924
31.0,Post-COVID,0.6101015890245323,0.5227918131317948,0.6862835458404924
32.0,Post-COVID,0.5875052338754755,0.49781534427995616,0.6666061243803512
33.0,Post-COVID,0.5644658129391823,0.47271437624805535,0.6463049906044662
34.0,Post-COVID,0.5644658129391823,0.47271437624805535,0.6463049906044662
35.0,Post-COVID,0.5644658129391823,0.47271437624805535,0.6463049906044662
36.0,Post-COVID,0.5160830289729668,0.4169793256542417,0.6063874549318882
37.0,Post-COVID,0.4816774937081022,0.37860755463313917,0.5772995312580814
38.0,Post-COVID,0.4816774937081022,0.37860755463313917,0.5772995312580814
39.0,Post-COVID,0.4616075981369312,0.35588803027379456,0.5607822547535574
40.0,Post-COVID,0.4616075981369312,0.35588803027379456,0.5607822547535574
43.0,Post-COVID,0.4396262839399344,0.3310190163183747,0.5428588815113986
44.0,Post-COVID,0.4396262839399344,0.3310190163183747,0.5428588815113986
45.0,Post-COVID,0.4396262839399344,0.3310190163183747,0.5428588815113986
47.0,Post-COVID,0.4396262839399344,0.3310190163183747,0.5428588815113986
48.0,Post-COVID,0.4396262839399344,0.3310190163183747,0.5428588815113986
49.0,Post-COVID,0.4396262839399344,0.3310190163183747,0.5428588815113986
50.0,Post-COVID,0.4396262839399344,0.3310190163183747,0.5428588815113986
51.0,Post-COVID,0.4396262839399344,0.3310190163183747,0.5428588815113986
52.0,Post-COVID,0.4396262839399344,0.3310190163183747,0.5428588815113986
