time_months,survival_prob,ci_lower,ci_upper
0.0,1.0,1.0,1.0
1.0,1.0,1.0,1.0
2.0,1.0,1.0,1.0
3.0,0.9986850756081531,0.9947527112452571,0.9996709782653966
4.0,0.99471941680362,0.9894687175836415,0.9973557096630564
5.0,0.9900897386669012,0.9836150541175402,0.9940136596594089
6.0,0.985460060530182,0.9780012856352674,0.9904022977172924
7.0,0.9828127534501815,0.9748588230904881,0.9882654276502413
8.0,0.979501389725619,0.9709785604115032,0.9855399175757157
9.0,0.9748529085540398,0.9656032727612214,0.981638867943887
10.0,0.9708630603607765,0.9610434562238279,0.97823551542257
11.0,0.9615342457794105,0.9505264504731258,0.9701313501085506
12.0,0.9321336156096439,0.9182035471346164,0.9437643534986124
13.0,0.9194013807450978,0.9044488113961305,0.9321024371644347
14.0,0.9120139335659921,0.8965146507201095,0.9252892708642566
15.0,0.8998896715244942,0.8835544523735106,0.9140458046079537
16.0,0.89112670094036,0.8742307998975045,0.9058762197620515
17.0,0.881661015194408,0.864193456519723,0.8970172773790396
18.0,0.8674406762396595,0.849175981026396,0.883647108494908
19.0,0.8545646037017274,0.8356355374701646,0.8714839244338939
20.0,0.8477607453920004,0.8284986085779338,0.8650385761567719
21.0,0.8402584379106547,0.8206427104974129,0.8579178504046473
22.0,0.8327439315553561,0.8127881486630417,0.8507714896681089
23.0,0.8149238968060233,0.7942132100835734,0.8337730888779932
24.0,0.7716353592859726,0.7493681344027474,0.7922065157177057
25.0,0.7627028039246926,0.7401585022266534,0.7835858300091563
26.0,0.7516890450232531,0.7288205551730306,0.7729392377586767
27.0,0.7413352014278917,0.7181782744648846,0.7629142551379209
28.0,0.7268263111855939,0.7032926897841134,0.7488390325429971
29.0,0.7129423319843405,0.6890738282322769,0.7353444279605991
30.0,0.7010715977593319,0.6769347537087428,0.7237885312578464
31.0,0.6926587385862204,0.6683417853399997,0.715588750760876
32.0,0.6800138528919485,0.655443068861912,0.7032474798589586
33.0,0.6638397902068245,0.6389745974419347,0.6874320730659697
34.0,0.6575040976173638,0.6325324802439946,0.6812281290170525
35.0,0.645472268059242,0.6203089151385915,0.6694360771308004
36.0,0.6169115482336118,0.5913514648554329,0.641386606636884
37.0,0.6068921031346902,0.581215248264893,0.6315246001511594
38.0,0.5990103875095643,0.5732496189098132,0.6237589606437213
39.0,0.5903811862489218,0.5645352729985477,0.6152501997532273
40.0,0.5803015074593061,0.5543665918221302,0.6053009920831868
41.0,0.572371921643092,0.5463747990763664,0.5974664147474754
42.0,0.5601171071998517,0.5340381827226508,0.5853444637041388
43.0,0.5529083928214752,0.5267894027258577,0.578206053701574
44.0,0.5464035882000463,0.520252593298446,0.571760609789313
45.0,0.5355478877722307,0.5093534196737802,0.5609942635245316
46.0,0.5283009610094132,0.5020843746582393,0.5538002438132515
47.0,0.5203293415703135,0.4940952842641737,0.5458801378319924
48.0,0.5035914746386809,0.4773402693309957,0.5292313080398402
49.0,0.4962718311119559,0.47002077503215006,0.5219431117954509
50.0,0.4830379156156367,0.45679948963113715,0.5087539948776053
51.0,0.47566329094974924,0.4494394156302049,0.5013970253911814
52.0,0.4704930377872517,0.44428267519495684,0.4962359320183015
53.0,0.4578772938718209,0.4317097110110813,0.4836330095997239
54.0,0.4549088835387783,0.42875408090221817,0.48066498371470207
55.0,0.4474513608578145,0.4213312296921845,0.4732059436763835
56.0,0.4399813882224587,0.4139019341184532,0.46572869164492936
57.0,0.43247317340637603,0.4064392220217983,0.45820870381140527
58.0,0.4272082825996898,0.40120981008470746,0.452932106637294
59.0,0.4173960782290255,0.3914708626265082,0.44309120829243076
60.0,0.40444765974381836,0.3786308923198171,0.43009365973599006
61.0,0.3983312490104525,0.37257181780072085,0.4239481744816579
62.0,0.3944789158478756,0.3687563788201084,0.4200768178220828
63.0,0.39059624935330983,0.3649111216133766,0.4161748115470499
64.0,0.38435918349537274,0.3587369564366673,0.4099040254016111
65.0,0.38201552993747434,0.35641802706551107,0.40754666432176395
66.0,0.3765357989752563,0.3509983906588417,0.4020327096980819
67.0,0.37027324930415006,0.34480960248823905,0.3957261642808647
68.0,0.36633417218389297,0.34091824677009397,0.39175819731568323
69.0,0.3616072796395849,0.33625152086767707,0.3869938515289044
70.0,0.3592334900577058,0.33390853196234865,0.38460071714061744
71.0,0.35287537518942763,0.327635271284982,0.3781886028165639
72.0,0.34073516732740594,0.3156606406925803,0.36594253955270833
73.0,0.3366787962877939,0.31166407238591903,0.3618465488395023
74.0,0.3317993934430432,0.3068593013683718,0.3569169509173742
75.0,0.33098215355771543,0.30605468111270284,0.35609120395854904
76.0,0.32853043390173253,0.30364146265943504,0.3536133492788298
77.0,0.3260726002316447,0.301222817905166,0.35112877291725236
78.0,0.3202940984553877,0.2955376264781123,0.34528644577973194
79.0,0.3178111984673614,0.2930961218995939,0.3427749049740573
80.0,0.314439196361607,0.28977808139248196,0.33936642391090427
81.0,0.3110213790098502,0.2864140341373174,0.3359127243875824
82.0,0.30842231456130004,0.28385493003503576,0.33328743134782535
83.0,0.3031501382440131,0.2786628065546282,0.3279633921077772
84.0,0.2950780931428411,0.2707128367302318,0.3198133329433618
85.0,0.2923458885767038,0.26802209503530294,0.31705484054309885
86.0,0.28957920824317035,0.2652965975268758,0.3142625176653134
87.0,0.2877229312672526,0.2634680530198478,0.3123890187912479
88.0,0.28586064692248053,0.26163393412447233,0.3105091743151751
89.0,0.2839799847716747,0.25978118461446587,0.30861140425858613
90.0,0.27919917694723567,0.2550692645100044,0.3037896173384169
91.0,0.27726700271230675,0.2531650141708545,0.3018409523952196
92.0,0.27236829241703625,0.24833613805162844,0.2969018649112516
93.0,0.2673798621529879,0.24341829818527186,0.2918735417788813
94.0,0.26132597848159944,0.23745378816064447,0.2857683583850304
95.0,0.25622195546438065,0.23242832779356018,0.2806186107360585
96.0,0.2499214155759123,0.22622096984548556,0.27426685294749736
97.0,0.24886242652686172,0.2251780885012835,0.27319892828206876
98.0,0.24673539724030724,0.22308371464407115,0.2710537611067764
99.0,0.2434888788555663,0.2198851159767795,0.2677819382868166
100.0,0.24240187493210405,0.2188145126674,0.26668618196053956
101.0,0.24018815917929945,0.21663201298996557,0.26445711529238314
102.0,0.23795385072181777,0.21442913313998574,0.2622076193347266
103.0,0.23458657924933923,0.21111115023174137,0.2588158522202676
104.0,0.23117026984279537,0.20774465849729806,0.2553754519212482
105.0,0.22887006815281727,0.20547839098327314,0.25305894448340766
106.0,0.22769637549562335,0.20432063335358489,0.25187851569728786
107.0,0.22531212025483152,0.20196702178266898,0.24948266482430081
108.0,0.22044050684391642,0.19715560417019076,0.24459101053319135
109.0,0.21674597320966077,0.19350957054177895,0.2408792162393621
110.0,0.21305143957540534,0.189869463411236,0.23716192470857497
111.0,0.21058841715256832,0.18744603088508036,0.2346806629621664
112.0,0.2068938835183126,0.1838158630671703,0.23095414631487965
113.0,0.205647534822419,0.18259115209843307,0.22969730687194742
114.0,0.20315483743063217,0.18014383722378735,0.22718167204291226
115.0,0.19939271081154647,0.17645333522408566,0.22338238533976204
116.0,0.19434479408214028,0.17150877051403549,0.21827839413575773
117.0,0.19053411184523555,0.16778168140514454,0.2144206222611668
118.0,0.18924671919763264,0.16652239928123796,0.21311774142813816
119.0,0.18794156941006282,0.1652447933720567,0.21179809313648923
120.0,0.17988693072106016,0.15735709690241467,0.20366097297119523
121.0,0.1771405653665402,0.15466930503885737,0.20088618568102357
122.0,0.17164783465750028,0.14930688530193403,0.19532441183819457
123.0,0.17027465198024025,0.14796904246746867,0.19393140781958654
124.0,0.16887895811154977,0.1466079666294809,0.19251726121141022
125.0,0.16742310502438126,0.14518269092921263,0.19104866126034767
126.0,0.16742310502438126,0.14518269092921263,0.19104866126034767
127.0,0.16440647250141943,0.14222175465448628,0.1880152317731269
128.0,0.15979694523502452,0.13770012490020384,0.18337958335944568
129.0,0.1566940919294901,0.13466189483825228,0.18025488678898474
130.0,0.1551271510101951,0.1331285289623471,0.17867646512894436
131.0,0.151928653051222,0.1299966791155318,0.1754580763685591
132.0,0.14692001613744557,0.12508284379317,0.17043341152486882
133.0,0.14525047049951997,0.12344995779963898,0.16875385677271773
134.0,0.14354164143481968,0.12177610676304484,0.16703838952160452
135.0,0.13835338933476585,0.11670320435579001,0.16182358045367423
137.0,0.13835338933476585,0.11670320435579001,0.16182358045367423
138.0,0.13657962793303813,0.11496893213505019,0.1600422470559427
139.0,0.1347825275654981,0.1132119724035192,0.15823819619428073
140.0,0.13298542719795825,0.11145848742649314,0.15643094505354882
141.0,0.13116370901716431,0.10968110256621441,0.15459975318125882
142.0,0.12934199083637038,0.10790741245363278,0.1527651595571273
143.0,0.12746746923004615,0.10607860934453667,0.15088290513841654
144.0,0.12175997060780527,0.10052426547073884,0.14514248551693604
145.0,0.12175997060780527,0.10052426547073884,0.14514248551693604
149.0,0.119796100114131,0.09861321506294753,0.14316991442763147
150.0,0.11390448863310812,0.09291082666736604,0.13722392792894342
151.0,0.11194061813943389,0.09102037453160584,0.13523242754170015
152.0,0.10997674764575964,0.08913514829570181,0.13323612594127823
154.0,0.10604900665841105,0.08538052946410507,0.1292289770468933
155.0,0.1019701987100106,0.08148126839108712,0.12507602658863268
156.0,0.1019701987100106,0.08148126839108712,0.12507602658863268
159.0,0.09980062001405295,0.07939613960396061,0.12288490352973686
162.0,0.09763104131809526,0.07731918652469498,0.12068628697489897
163.0,0.09763104131809526,0.07731918652469498,0.12068628697489897
165.0,0.09541215401541128,0.0751953159348734,0.11844058876931411
166.0,0.0931404360626634,0.07302128092981731,0.11614459177650548
167.0,0.0931404360626634,0.07302128092981731,0.11614459177650548
168.0,0.0908119251610968,0.07079344339262922,0.11379469513592996
169.0,0.0908119251610968,0.07079344339262922,0.11379469513592996
171.0,0.0908119251610968,0.07079344339262922,0.11379469513592996
174.0,0.08835754880539148,0.06843428208563046,0.11133734991938823
175.0,0.08590317244968616,0.0660890594840895,0.10886726520301004
176.0,0.08590317244968616,0.0660890594840895,0.10886726520301004
179.0,0.08337660855410714,0.06367604572629608,0.1063294596365492
180.0,0.08085004465852814,0.06127895047042974,0.1037771261063079
181.0,0.07832348076294914,0.058897940093715885,0.10121012347843202
184.0,0.07832348076294914,0.058897940093715885,0.10121012347843202
185.0,0.07571269807085083,0.05643857784351414,0.09856461554384366
186.0,0.07049113268665422,0.05157658249844512,0.09322196130570906
189.0,0.0652695673024576,0.04679242269781369,0.08780854404655734
191.0,0.0652695673024576,0.04679242269781369,0.08780854404655734
192.0,0.06255000199818853,0.044311261148716655,0.08499244206119258
198.0,0.06255000199818853,0.044311261148716655,0.08499244206119258
202.0,0.059571430474465246,0.04156679411132982,0.08196809509076824
205.0,0.05659285895074198,0.038858345699771875,0.07891116168623757
213.0,0.05361428742701872,0.036186817326239996,0.0758208823385975
216.0,0.05063571590329547,0.03355333718553553,0.07269629484677861
222.0,0.0476571443795722,0.0309592926318384,0.06953620767140518
229.0,0.04467857285584894,0.028406372917990877,0.06633916485264557
239.0,0.041700001332125675,0.025896625680545737,0.0631033999651557
240.0,0.03849230892196216,0.023194755457250173,0.05966956665586643
241.0,0.03528461651179865,0.020558045395678626,0.0561777134436676
245.0,0.03207692410163514,0.01799110646281167,0.052623997315322996
248.0,0.028869231691471625,0.015499841306022517,0.049003539297812926
252.0,0.028869231691471625,0.015499841306022517,0.049003539297812926
256.0,0.028869231691471625,0.015499841306022517,0.049003539297812926
260.0,0.028869231691471625,0.015499841306022517,0.049003539297812926
276.0,0.024057693076226357,0.01147041305344818,0.04462754229622465
299.0,0.024057693076226357,0.01147041305344818,0.04462754229622465
306.0,0.024057693076226357,0.01147041305344818,0.04462754229622465
421.0,0.024057693076226357,0.01147041305344818,0.04462754229622465
432.0,0.0,0.0,0.0
