episode_id,profile_id,profile_url,company_name,company_name_clean,title_raw,title_normalized,start_year,start_month,end_year,end_month,duration_months,duration_months_to_scrape_date,is_censored,scrape_date,imputed_start_month,imputed_end_month,imputed_duration,episode_start_era,company_size_tier,industry_sector,industry_normalized,profile_region,contributor_episode_count,size_tier_usable,qa_flags,exclusion_reason
85c1504d-abf7-4c67-a9fa-494b0627019d,6f196b760e44,https://www.linkedin.com/in/pete-kim-95b2982,Defense Information Systems Agency,defense information systems agency,"Commander, Defense Information Technology Contracting Office - Pacific",,2004,6,2006.0,5.0,23.0,263,False,2026-05-17,False,False,False,Pre-COVID,10000+,Cloud Security,,,0,False,,Excluded_Interim
ca5f6db4-e550-4c11-9610-536e25861c65,dee1295b1f5c,https://www.linkedin.com/in/michaelmakstman,City and County of San Francisco,city and county of san francisco,CIO and Head of Department of Technology,,2023,12,,,,29,True,2026-05-17,False,False,False,Post-COVID,10000+,F/S/L Government,,,0,True,,Excluded_Other
7ecaac6e-1680-4292-8317-a793cee850e9,8ce6d41728f2,https://www.linkedin.com/in/vu-nguyen-687200b,USCIS,uscis,Acting Chief Information Security Officer (CISO),,2017,8,2018.0,2.0,6.0,105,False,2026-05-17,False,False,False,Pre-COVID,10000+,F/S/L Government,,,0,False,,Excluded_Interim
0fc9d2c4-92b2-4865-972b-c08849c9cf0c,629550656224,https://www.linkedin.com/in/tdalvi,Confluent,confluent,Deputy CISO,,2025,3,,,,14,True,2026-05-17,False,False,False,Post-COVID,1001-5000,Enterprise SaaS,,,0,True,,Excluded_Deputy
3f3a97f4-9b7c-4aff-a915-599fc45ccc5b,5957a7025148,https://www.linkedin.com/in/hudsonthrift,Amazon,amazon,Vice President of Security Engineering,,2023,9,2024.0,4.0,7.0,32,False,2026-05-17,False,False,False,Post-COVID,10000+,Consumer,,,0,True,,VP_below_CISO_at_same_company
5d58de7f-8ed3-43bd-a649-8b5ee335c532,e630d2301ba7,https://www.linkedin.com/in/me4153fmkhan,Lucid Motors,lucid motors,Interim CISO,,2024,6,,,,23,True,2026-05-17,False,False,False,Post-COVID,1001-5000,Shipping / Transportation,,,0,True,,Excluded_Interim
9003999d-14d9-4c87-89a9-98c6a20dcbc7,86efc75244cc,https://www.linkedin.com/in/csandulow,MongoDB,mongodb,Deputy CISO,,2019,8,2024.0,9.0,61.0,81,False,2026-05-17,False,False,False,Pre-COVID,1001-5000,Enterprise SaaS,,,0,False,,Excluded_Deputy
ba872122-02e9-4320-9af3-c4cb2d3ddf84,86efc75244cc,https://www.linkedin.com/in/csandulow,Citadel,citadel,Deputy CISO,,2018,7,2019.0,8.0,13.0,94,False,2026-05-17,False,False,False,Pre-COVID,1001-5000,Enterprise SaaS,,,0,False,,Excluded_Deputy
2c90dd6b-6546-4907-b2e5-025eaa90ccf2,6e540c04fcb1,https://www.linkedin.com/in/chrisdken,SLAC National Accelerator Laboratory,slac national accelerator laboratory,"A-CIO, IT Operations | HPC | Data Center Ops | Platform Eng | Private/Public Cloud | Cyber",,2014,9,2016.0,9.0,24.0,140,False,2026-05-17,False,False,False,Pre-COVID,501-1000,Healthcare,,,0,False,,Excluded_Other
d6ddf883-7558-4a0e-b21c-ff7cc506123c,6e540c04fcb1,https://www.linkedin.com/in/chrisdken,Presidio Trust (Federal Agency),presidio trust (federal agency),Chief Information Officer (CIO) (and Acting CISO),,2006,8,2011.0,11.0,63.0,237,False,2026-05-17,False,False,False,Pre-COVID,501-1000,Healthcare,,,0,False,,Excluded_Interim
3fe161fb-8f78-4f7e-a609-24bd76c033af,d8a9c6630634,https://www.linkedin.com/in/mfisk,Meta,meta,Deputy CISO and Head of Security Engineering and Threat Protection for Financial Services,,2022,3,2023.0,6.0,15.0,50,False,2026-05-17,False,False,False,Post-COVID,10000+,Consumer,,,0,False,,Excluded_Deputy
d633389c-40a3-4b27-a96d-36d1dde30fe4,d8a9c6630634,https://www.linkedin.com/in/mfisk,Capital One,capital one,Cyber CTO and Deputy CISO,,2018,12,2022.0,3.0,39.0,89,False,2026-05-17,False,False,False,Pre-COVID,10000+,Consumer,,,0,False,,Excluded_Deputy
2b469981-56bc-4701-b067-bc5261212d4a,2c9b990b3e51,https://www.linkedin.com/in/jacobdepriest,GitHub,github,"VP, Security Operations",,2021,6,2022.0,9.0,15.0,59,False,2026-05-17,False,False,False,COVID,501-1000,Data / Analytics,,,0,False,,VP_below_CISO_at_same_company
f806dfef-43f5-403c-8c93-f646ac80aaaa,52f32cd5756e,https://www.linkedin.com/in/duncan-godfrey,Auth0,auth0,Interim CISO,,2020,10,2021.0,4.0,6.0,67,False,2026-05-17,False,False,False,COVID,501-1000,Enterprise SaaS,,,0,False,,Excluded_Interim
520b930a-ae1b-4e90-ad07-ab9970588c04,6754cb29651a,https://www.linkedin.com/in/alexdlevy,Goldman Sachs,goldman sachs,Vice President - Critical Infrastructure & Security Engineering,,2008,3,2009.0,11.0,20.0,218,False,2026-05-17,False,False,False,Pre-COVID,10000+,Finance / Financial Services,,,0,False,,VP_below_CISO_at_same_company
8ba7e97f-6aad-4977-8151-d518e9da6828,5eedec2ae350,https://www.linkedin.com/in/kirk-fjeldheim-5960741,SugarCRM,sugarcrm,CIO,,2018,4,2019.0,10.0,18.0,97,False,2026-05-17,False,False,False,Pre-COVID,251-500,Healthcare,,,0,False,,Excluded_Other
fc9e85e4-031f-465b-ae23-820cffa8217e,5eedec2ae350,https://www.linkedin.com/in/kirk-fjeldheim-5960741,Xsigo Systems,xsigo systems,"CIO, VP of IT",,2011,2,2012.0,1.0,11.0,183,False,2026-05-17,False,False,False,Pre-COVID,251-500,Healthcare,,,0,False,,Excluded_Other
9aefa5b3-9da2-46d5-b3da-3ea5cb5658de,5eedec2ae350,https://www.linkedin.com/in/kirk-fjeldheim-5960741,Cassatt,cassatt,VP of IT and CIO,,2006,3,2008.0,11.0,32.0,242,False,2026-05-17,False,False,False,Pre-COVID,251-500,Healthcare,,,0,False,,Excluded_Other
155cf6b7-825c-47c0-91df-dd75685dca78,5eedec2ae350,https://www.linkedin.com/in/kirk-fjeldheim-5960741,State of California,state of california,Advisor to CIO for State of California,,2006,3,2008.0,3.0,24.0,242,False,2026-05-17,False,False,False,Pre-COVID,251-500,Healthcare,,,0,False,,Excluded_Other
7185fa4d-9320-4e01-9993-60b160bbc985,5eedec2ae350,https://www.linkedin.com/in/kirk-fjeldheim-5960741,TheSupply,thesupply,"CTO, VP of IT",,2000,1,2001.0,8.0,19.0,316,False,2026-05-17,False,False,False,Pre-COVID,251-500,Healthcare,,,0,False,,Excluded_Other
0073d01d-cc65-4ab1-af0e-901d4477450a,4425717db8fe,https://www.linkedin.com/in/vasukohli,Hitachi Data Systems,hitachi data systems,"Senior Program Architect and Management Consultant, Office of the CIO",,2012,6,2013.0,6.0,12.0,167,False,2026-05-17,True,True,False,Pre-COVID,501-1000,Enterprise SaaS,,,0,False,,Excluded_Other
40ad1d99-bf80-478f-97f2-f51f982b0001,b41299f483fa,https://www.linkedin.com/in/johnbnewman,MGM Resorts International,mgm resorts international,Chief Technology Officer (CTO),,2024,3,,,,26,True,2026-05-17,False,False,False,Post-COVID,10000+,Restaurant / Hospitality,,,0,True,,Excluded_Other
2a90ae70-5008-45f1-98f5-1f697ae6363b,33275bb8131f,https://www.linkedin.com/in/peter-chestna-665427,Veracode,veracode,Field CTO/Director of Developer Engagement,,2016,3,2019.0,3.0,36.0,122,False,2026-05-17,False,False,False,Pre-COVID,501-1000,Cloud Security,,,0,False,,Excluded_Other
805ccc5e-fda8-4261-987b-783b2cb7f0f0,c8190decf6c7,https://www.linkedin.com/in/ziv-maor,Pfizer,pfizer,Deputy CISO,,2024,9,2025.0,11.0,14.0,20,False,2026-05-17,False,False,False,Post-COVID,10000+,Pharma,,,0,True,,Excluded_Deputy
395716bc-bb83-4a6b-89e2-6dec3d215501,5475be3a2df7,https://www.linkedin.com/in/larrytrittschuh,GE,ge,"Executive Director, Information Security Operations / Deputy CISO",,2006,8,2014.0,7.0,95.0,237,False,2026-05-17,False,False,False,Pre-COVID,1001-5000,Finance / Financial Services,,,0,False,,Excluded_Deputy
6f8a35e4-9a8c-4046-b88a-974b5e75b19d,36ec5225e1ee,https://www.linkedin.com/in/pete-naumovski-7142a62,Blue Cross Blue Shield Association,blue cross blue shield association,Interim Chief Information Officer,,2019,3,2019.0,10.0,7.0,86,False,2026-05-17,False,False,False,Pre-COVID,10000+,Pharma,,,0,False,,Excluded_Interim
d4edb6f6-0db1-496a-b7b2-b9c3d86ced17,36ec5225e1ee,https://www.linkedin.com/in/pete-naumovski-7142a62,SUPERVALU,supervalu,Interim CISO (Independent Consultant),,2014,10,2015.0,3.0,5.0,139,False,2026-05-17,False,False,False,Pre-COVID,10000+,Pharma,,,0,False,,Excluded_Interim
5b663a44-c2c2-4625-9d71-aca7e7363f51,95490fe49615,https://www.linkedin.com/in/coryscottlinkedin,Securify,securify,Lead Security Consultant and Acting Chief Security Officer,,2000,6,2002.0,1.0,19.0,311,False,2026-05-17,True,False,False,Pre-COVID,1001-5000,Enterprise SaaS,,,0,False,,Excluded_Interim
fc34a46d-b2e2-410a-a4d9-45a038d00086,fb7d7c1877d1,https://www.linkedin.com/in/paulfarrall,Skytap,skytap,Vice President of Operations & Information Security,,2015,3,2017.0,12.0,33.0,134,False,2026-05-17,False,False,False,Pre-COVID,101-250,Enterprise SaaS,,,0,False,,VP_below_CISO_at_same_company
21ee1ae1-a6ac-49b2-a557-8e86381e78d8,f4800f94b0f5,https://www.linkedin.com/in/davedyk,Betterment,betterment,VP Risk and Information Security,,2021,3,,,,62,True,2026-05-17,False,False,False,COVID,101-250,FinTech,,,0,False,,VP_below_CISO_at_same_company
c61a8b2c-df45-4d87-bb17-8ee6c13dbe78,804f19add281,https://www.linkedin.com/in/bradbell,HMG Strategy,hmg strategy,Silicon Valley CIO Summit Advisory Board,,2016,1,,,,124,True,2026-05-17,False,False,False,Pre-COVID,1001-5000,Cloud Security,,,0,False,,Excluded_Other
603caf1e-d98d-4fb3-a884-95c25a24cf9c,cb74a77bf94a,https://www.linkedin.com/in/perullo,Silicon Valley Bank,silicon valley bank,Interim CISO,,2023,1,2023.0,7.0,6.0,40,False,2026-05-17,False,False,False,Post-COVID,1001-5000,Finance / Financial Services,,,0,False,,Excluded_Interim
291cc3fa-21ed-4c1c-b2d5-38c7880b7c98,52e3eeae9d1d,https://www.linkedin.com/in/adamjodonnell,Stripe,stripe,Deputy CISO,,2022,3,,,,50,True,2026-05-17,False,False,False,Post-COVID,1001-5000,FinTech,,,0,False,,Excluded_Deputy
407031cd-33ea-42b0-bd27-95caa81dd8c0,52e3eeae9d1d,https://www.linkedin.com/in/adamjodonnell,Stripe,stripe,Interim CISO,,2021,6,2022.0,3.0,9.0,59,False,2026-05-17,False,False,False,COVID,1001-5000,FinTech,,,0,False,,Excluded_Interim
6ddb665d-54a9-46af-af09-e021dedba781,7a60f5b4e7c5,https://www.linkedin.com/in/ajaquith,Scotiabank,scotiabank,Interim Global CISO,,2025,3,2025.0,10.0,7.0,14,False,2026-05-17,False,False,False,Post-COVID,10000+,Finance / Financial Services,,,0,True,,Excluded_Interim
f8acd3df-711b-4ce3-b3a0-f7745968a35a,e27d68a7dc91,https://www.linkedin.com/in/ryan-r-cummings,Madigan Army Medical Center,madigan army medical center,Deputy-CIO and CTO,,2015,3,2017.0,8.0,29.0,134,False,2026-05-17,False,False,False,Pre-COVID,101-250,Enterprise SaaS,,,0,False,,Excluded_Other
718318f0-4025-43c9-9ef8-142b4520209b,6b741b8382ff,https://www.linkedin.com/in/jacquaro,GE,ge,"SVP, Cyber Security and Deputy CISO",,2017,12,2020.0,7.0,31.0,101,False,2026-05-17,False,False,False,Pre-COVID,1001-5000,Cloud Security,,,0,False,,Excluded_Deputy
c7f8ea5c-37e4-4b60-851c-600282cad62e,6b741b8382ff,https://www.linkedin.com/in/jacquaro,GE,ge,SVP of Network (interim leader),,2019,3,2019.0,8.0,5.0,86,False,2026-05-17,False,False,False,Pre-COVID,1001-5000,Cloud Security,,,0,False,,Excluded_Interim
ff03fc58-19f9-4e6c-bff1-cf2fbbe80f55,66423c8917ae,https://www.linkedin.com/in/scgentry,VMware,vmware,"Director, Cloud Security / Interim CISO (Mozy)",,2010,2,2012.0,3.0,25.0,195,False,2026-05-17,False,False,False,Pre-COVID,251-500,Enterprise SaaS,,,0,False,,Excluded_Interim
30ca87d4-d1e5-4fdc-9dce-2ab1ff13832f,f579f30b67f0,https://www.linkedin.com/in/justinian-fortenberry,Etsy,etsy,Co - Chief Technology Officer (Interim),,2024,12,2025.0,5.0,5.0,17,False,2026-05-17,False,False,False,Post-COVID,5001-10000,Consumer,,,0,True,,Excluded_Interim
48a962ed-f4a1-42dd-958c-dee3ac6593c7,5f6f4a23d2c6,https://www.linkedin.com/in/prabhath-karanth-72657130,Greenlight,greenlight,"SVP, Chief Security and Trust Officer",,2024,2,2025.0,2.0,12.0,27,False,2026-05-17,False,False,False,Post-COVID,501-1000,FinTech,,,0,True,,VP_below_CISO_at_same_company
b5cfa28a-0521-47ca-9d69-1b92ecd99ffd,87d4510c927a,https://www.linkedin.com/in/jake-martens,Agilent Technologies,agilent,Director & Acting Chief Information Security Officer (CISO) ,,2008,6,2013.0,6.0,60.0,215,False,2026-05-17,True,True,False,Pre-COVID,1001-5000,Industrial / Manufacturing,,,0,False,,Excluded_Interim
568fd31b-9311-42a3-b41e-442ae4585724,cb1b19fb34af,https://www.linkedin.com/in/daveruedger,Datalode,datalode,CTO,,1997,11,2011.0,9.0,166.0,342,False,2026-05-17,False,False,False,Pre-COVID,1001-5000,Energy,,,0,False,,Excluded_Other
6775e15e-fa36-419d-9456-4d24ca85c10c,f91a39817cc9,https://www.linkedin.com/in/adambfletcher,Blackstone,blackstone,Senior Vice President & Deputy CISO,,2014,6,2016.0,12.0,30.0,143,False,2026-05-17,False,False,False,Pre-COVID,1001-5000,Finance / Financial Services,,,0,False,,Excluded_Deputy
55714d68-aed1-46a4-936f-308017a4f212,b025c9fae71c,https://www.linkedin.com/in/korioliver,Palantir Technologies,palantir,CIO,,2019,6,2022.0,2.0,32.0,83,False,2026-05-17,False,False,False,Pre-COVID,,,,,0,False,,Excluded_Other
01632a86-1bcc-49d7-bd4c-ac87cb188bf0,9d7cdcabeac1,https://www.linkedin.com/in/mike-swyt-9537031,Change Healthcare,change healthcare,"VP, Information Security Risk Management",,2014,11,2019.0,12.0,61.0,138,False,2026-05-17,False,False,False,Pre-COVID,10000+,HealthTech,,,0,False,,VP_below_CISO_at_same_company
fdadecd4-4b44-4768-b2bd-19548385de24,8fb872f77519,https://www.linkedin.com/in/philipccox,Coupa Software,coupa software,"VP, Security & Compliance",,2015,7,2022.0,3.0,80.0,130,False,2026-05-17,False,False,False,Pre-COVID,501-1000,Enterprise SaaS,,,0,False,,VP_below_CISO_at_same_company
08c3eb9d-1b16-40ec-bea8-fed38dcbf0c1,0cc315ddc270,https://www.linkedin.com/in/chris-j-hyde,Demyst,demyst,"Vice President, Information Security and Compliance",,2021,4,2021.0,12.0,8.0,61,False,2026-05-17,False,False,False,COVID,,,,,0,False,,VP_below_CISO_at_same_company
e4dad8cb-1984-4e00-9b77-7794259b84ca,9aa96465f920,https://www.linkedin.com/in/hassnain,Access Community Health Network,access community health network,Interim Chief Information Security Officer (Consultant),,2017,6,2017.0,6.0,6.0,107,False,2026-05-17,True,True,True,Pre-COVID,1001-5000,HealthTech,,,0,False,,Excluded_Interim
c1b6fe89-5029-4e3c-b9e4-42c9f8a073cd,b12391ff5b61,https://www.linkedin.com/in/adamsealey,Nike,nike,Deputy CISO,,2021,11,2022.0,12.0,13.0,54,False,2026-05-17,False,False,False,COVID,10000+,Retail,,,0,False,,Excluded_Deputy
fb79c299-706a-45d3-9e85-853b3d4cff56,836cb3d7fbef,https://www.linkedin.com/in/billbrennan,Kyndryl,kyndryl,"Deputy CISO and VP - Cybersecurity Governance, Risk and Compliance",,2022,6,,,,47,True,2026-05-17,False,False,False,Post-COVID,10000+,IT / Network,,,0,False,,Excluded_Deputy
f1b154dd-f91c-488f-9a43-0f98d0c0d3b5,2700d1835f2f,https://www.linkedin.com/in/dcafaro,Robinhood,robinhood,"CISO Brokerage, Credit, & Money and Interim Dir. Security GRC",,2026,2,,,,3,True,2026-05-17,False,False,False,Post-COVID,1001-5000,FinTech,,,0,True,,Excluded_Interim
c8cb52fe-38ad-457c-9486-37a2bda77ea4,e6e3c2770628,https://www.linkedin.com/in/sudhanshukairab,Comcast,comcast,Senior Vice President - Cybersecurity Governance Risk & Compliance,,2023,3,,,,38,True,2026-05-17,False,False,False,Post-COVID,10000+,Sports / Entertainment,,,0,False,,VP_below_CISO_at_same_company
69dd6f15-b245-4b0e-ad92-83dfa3367c65,e6e3c2770628,https://www.linkedin.com/in/sudhanshukairab,Comcast,comcast,"Vice President Cybersecurity Governance, Risk, & Compliance at Comcast Cable",,2017,9,2023.0,3.0,66.0,104,False,2026-05-17,False,False,False,Pre-COVID,10000+,Sports / Entertainment,,,0,False,,VP_below_CISO_at_same_company
daa05057-72bc-48f9-8d66-8c50b26a58da,3c190a9a414e,https://www.linkedin.com/in/kirstendavies,Hewlett-Packard,hewlett-packard,VP and Deputy CISO; VP of Enterprise Security Strategy & Transformation Solution,,2015,5,2016.0,11.0,18.0,132,False,2026-05-17,False,False,False,Pre-COVID,10000+,Consumer Packaged Goods,,,0,False,,Excluded_Deputy
88d3a08d-e3ab-4513-854b-5844878f56ad,3c190a9a414e,https://www.linkedin.com/in/kirstendavies,Siemens,siemens,Global Deputy CISO,,2014,2,2015.0,5.0,15.0,147,False,2026-05-17,False,False,False,Pre-COVID,10000+,Consumer Packaged Goods,,,0,False,,Excluded_Deputy
8b8725a8-4db4-4096-b87a-c4553efe1489,98f101e5c02c,https://www.linkedin.com/in/sara-hall-she-her-4572071,MassMutual,massmutual,Deputy CISO and Head of Security Operations and Engineering,,2020,11,2022.0,9.0,22.0,66,False,2026-05-17,False,False,False,COVID,1001-5000,HealthTech,,,0,False,,Excluded_Deputy
6dfda143-d0d6-4901-900c-52584c410277,07f555fbc2cb,https://www.linkedin.com/in/fernandomedrano,Fastly,fastly,Deputy CISO,,2023,8,,,,33,True,2026-05-17,False,False,False,Post-COVID,501-1000,Cloud Security,,,0,True,,Excluded_Deputy
b0711ad3-a184-4a65-8bd8-72f7e6ce7a1b,8d1a2145981d,https://www.linkedin.com/in/rebeccaharness,Saint Louis University,saint louis university,Chief Information Security Officer (Interim),,2019,6,2020.0,1.0,7.0,83,False,2026-05-17,False,False,False,Pre-COVID,1001-5000,Enterprise SaaS,,,0,False,,Excluded_Interim
f6455dd6-3db7-4f69-80f0-0efc5ed49ab4,537d2b066576,https://www.linkedin.com/in/claudiag3biz,Rite Aid,rite aid,VP Application Development & acting CIO,,1998,6,2000.0,6.0,24.0,335,False,2026-05-17,True,True,False,Pre-COVID,1001-5000,Insurance,,,0,False,,Excluded_Interim
d16b981a-cf4d-46cd-b297-bbf413fbf949,537d2b066576,https://www.linkedin.com/in/claudiag3biz,American Stores,american stores,CIO - Lucky Stores Division,,1987,6,1992.0,6.0,60.0,467,False,2026-05-17,True,True,False,Pre-COVID,1001-5000,Insurance,,,0,False,,Excluded_Other
1d84711b-999a-4494-9023-1d7c992bff80,205389de36e6,https://www.linkedin.com/in/kimgreensf,"Manet Community Health Center, Inc.",manet community health center,CIO,,2001,6,2005.0,6.0,48.0,299,False,2026-05-17,True,True,False,Pre-COVID,51-100,Healthcare,,,0,False,,Excluded_Other
89db0f33-d87c-42ee-b24f-00445442a469,ae1dd5b1d256,https://www.linkedin.com/in/laurendana,The Estée Lauder Companies Inc.,the estée lauder companies,"Executive Director, Interim Chief Information Security Officer (CISO)",,2018,1,2018.0,12.0,11.0,100,False,2026-05-17,False,False,False,Pre-COVID,10000+,Energy,,,0,False,,Excluded_Interim
bb876685-ad74-4dad-bded-e48b9831faab,9898afcc04e1,https://www.linkedin.com/in/elizabeth-joyce-47b0581,Hewlett Packard Enterprise,hewlett packard enterprise,VP and Deputy CISO,,2015,11,2016.0,8.0,9.0,126,False,2026-05-17,False,False,False,Pre-COVID,11-50,Finance / Financial Services,,,0,False,,Excluded_Deputy
73a4bf1d-99d6-4dd0-8e0a-6096c6f4bae6,9898afcc04e1,https://www.linkedin.com/in/elizabeth-joyce-47b0581,Hewlett Packard Enterprise,hewlett packard enterprise,VP Global Business Security,,2014,7,2015.0,10.0,15.0,142,False,2026-05-17,False,False,False,Pre-COVID,11-50,Finance / Financial Services,,,0,False,,VP_below_CISO_at_same_company
93f56946-8fe8-401a-b6d0-426e0d161915,4b8295d719e3,https://www.linkedin.com/in/ronjgreen,FIS,fis,Senior Vice President and Deputy CISO - US Operations,,2012,12,2014.0,1.0,13.0,161,False,2026-05-17,False,False,False,Pre-COVID,5001-10000,Finance / Financial Services,,,0,False,,Excluded_Deputy
a84eda4c-e414-4c7d-916a-9ee48c45118b,e41c12bf84cd,https://www.linkedin.com/in/nicole-darden-ford,Venable LLP,venable llp,Director of Information Security and Acting Chief Information Security Officer,,2015,6,2016.0,6.0,12.0,131,False,2026-05-17,True,True,False,Pre-COVID,10000+,Industrial / Manufacturing,,,0,False,,Excluded_Interim
ce3a285c-00ae-41e2-b68c-d7370a7ae6fc,e32a3639c626,https://www.linkedin.com/in/kwamefields,Cardinal Health,cardinal health,"Interim Director, Risk Strategy and Planning",,2008,1,2008.0,6.0,5.0,220,False,2026-05-17,False,False,False,Pre-COVID,251-500,Finance / Financial Services,,,0,False,,Excluded_Interim
f3368357-104e-4644-aeae-371bceccbf62,946e1ee6d945,https://www.linkedin.com/in/ilaiy,Visa,visa,"Vice President, Head of Cyber Security Engineering at Visa",,2012,5,2024.0,4.0,143.0,168,False,2026-05-17,False,False,False,Pre-COVID,5001-10000,Finance / Financial Services,,,0,False,,VP_below_CISO_at_same_company
d7d28e75-955f-490f-9069-19f2638604ca,62a5650d7f88,https://www.linkedin.com/in/fjserna,Next Generation Security S.L.,next generation security s.l,Co-founder and CTO,,2002,1,2007.0,7.0,66.0,292,False,2026-05-17,False,False,False,Pre-COVID,1001-5000,Enterprise SaaS,,,0,False,,Excluded_Other
5f880712-e667-4134-8839-2ff86e3f92ac,d1fca815bfc2,https://www.linkedin.com/in/julien-s-0945019,NVIDIA,nvidia,"Deputy CISO, Vice President",,2025,11,,,,6,True,2026-05-17,False,False,False,Post-COVID,10000+,Semiconductor,,,0,True,,Excluded_Deputy
4ed8faa4-fbaf-44ab-a486-ebe2d533cbd5,d1fca815bfc2,https://www.linkedin.com/in/julien-s-0945019,Box,box,"Vice President, Security Architecture and Engineering",,2019,5,2021.0,6.0,25.0,84,False,2026-05-17,False,False,False,Pre-COVID,10000+,Semiconductor,,,0,False,,VP_below_CISO_at_same_company
1eaed84f-0db2-473d-90f6-b2ab9bc5a014,c2a6b0c160fd,https://www.linkedin.com/in/jaferguson2,DocuSign,docusign,Deputy CISO,,2021,4,2022.0,3.0,11.0,61,False,2026-05-17,False,False,False,COVID,10000+,Shipping / Transportation,,,0,False,,Excluded_Deputy
1e0e14ef-2c86-4cb6-b1b8-5e9628d1b4c3,f34a47eb7c16,https://www.linkedin.com/in/jennifer-a-ramsey-177799,Activision Blizzard,activision blizzard,"Vice President – Global IT Strategy, PMO and Security ",,2009,10,2012.0,2.0,28.0,199,False,2026-05-17,False,False,False,Pre-COVID,10000+,Consumer,,,0,False,,VP_below_CISO_at_same_company
7456eb4e-d95f-4336-84cb-695fdaaf5cba,aecdbdb9cabe,https://www.linkedin.com/in/deneendefiore,GE Aviation,ge aviation,"SVP,  Global Chief Information & Product Security Officer  ",,2017,2,2019.0,12.0,34.0,111,False,2026-05-17,False,False,False,Pre-COVID,10000+,Shipping / Transportation,,,0,False,,VP_below_CISO_at_same_company
26789acf-4db5-4fde-a1f4-210490f9ba0e,aecdbdb9cabe,https://www.linkedin.com/in/deneendefiore,GE Energy,ge energy,"CIO, Energy Services - Industrial Services & Motors",,2008,11,2010.0,12.0,25.0,210,False,2026-05-17,False,False,False,Pre-COVID,10000+,Shipping / Transportation,,,0,False,,Excluded_Other
9e05ce63-bed3-4653-9902-a80f17959736,1b7bcc34a34a,https://www.linkedin.com/in/mi5woodson,"Onyx Spectrum Technology, Inc",onyx spectrum,"Vice President, Risk & Security Compliance Services",,2008,6,2010.0,6.0,24.0,215,False,2026-05-17,True,True,False,Pre-COVID,5001-10000,Restaurant / Hospitality,,,0,False,,VP_below_CISO_at_same_company
0380306c-8ef4-4bc4-85d7-d74796b9a7bc,cde3551d5f3d,https://www.linkedin.com/in/susan-viveiros-cciso-cism-cisa-gsec-ccsa-6a686a6,BankNewport,banknewport,"VP, Information Security Officer",,2017,10,2021.0,3.0,41.0,103,False,2026-05-17,False,False,False,Pre-COVID,251-500,Finance / Financial Services,,,0,False,,VP_below_CISO_at_same_company
1c364909-f491-4370-82bd-7a2f092d41fd,899bd572ed03,https://www.linkedin.com/in/sheilamgoodwin,Kronos Incorporated,kronos incorporated,Vice President Information Security Strategy & Development,,2019,8,2020.0,8.0,12.0,81,False,2026-05-17,False,False,False,Pre-COVID,1001-5000,Enterprise SaaS,,,0,False,,VP_below_CISO_at_same_company
ef9ef090-8e43-41ce-9721-a972337e9c88,0a485723d7df,https://www.linkedin.com/in/juan-p-morales,Anywhere Real Estate Inc.,anywhere real estate,"Deputy CISO, Global Information Security",,2020,3,2020.0,10.0,7.0,74,False,2026-05-17,False,False,False,COVID,10000+,FinTech,,,0,False,,Excluded_Deputy
25f0ab94-f71a-4308-aeb0-9102bed65fc5,672142857b26,https://www.linkedin.com/in/jmyerholtz,First Solar,first solar,Global Manager - Office of the CIO,,2013,5,2016.0,3.0,34.0,156,False,2026-05-17,False,False,False,Pre-COVID,10000+,Industrial / Manufacturing,,,0,False,,Excluded_Other
5cf1a732-d4b5-41f4-b639-1eef2b9df543,ddf0bc6d8725,https://www.linkedin.com/in/katiec1,Liberty Mutual Insurance,liberty mutual insurance,"VP, Sr. Director, Cloud & Security Enablement",,2017,6,2018.0,6.0,12.0,107,False,2026-05-17,False,False,False,Pre-COVID,10000+,Finance / Financial Services,,,0,False,,VP_below_CISO_at_same_company
86af0234-63d7-4fe1-a0cc-0cf5e1908bd6,12ec241d5d3f,https://www.linkedin.com/in/aghughes,Capital One,capital one,"Vice President, Information Security and Deputy CISO",,2017,6,2020.0,11.0,41.0,107,False,2026-05-17,False,False,False,Pre-COVID,10000+,Retail,,,0,False,,Excluded_Deputy
3bddc664-c427-418a-b3b1-c16296e03038,e2d0c8bb3d28,https://www.linkedin.com/in/melissasbishop,Uber,uber,"Deputy CISO, Head of Security Assurance",,2018,1,2021.0,10.0,45.0,100,False,2026-05-17,False,False,False,Pre-COVID,10000+,Consumer,,,0,False,,Excluded_Deputy
9413e729-a53f-4660-9961-f6caa3b2bf10,e2d0c8bb3d28,https://www.linkedin.com/in/melissasbishop,Uber,uber,Interim CISO,,2020,7,2021.0,2.0,7.0,70,False,2026-05-17,False,False,False,COVID,10000+,Consumer,,,0,False,,Excluded_Interim
dc51c630-2358-43ae-b6af-d3a1b6171652,6e7d790abdc7,https://www.linkedin.com/in/rubenchacon,Mondelēz International,mondelēz international,Deputy CISO & Cybersecurity Strategy and implementation,,2017,6,2018.0,4.0,10.0,107,False,2026-05-17,False,False,False,Pre-COVID,5001-10000,Enterprise Software,,,0,False,,Excluded_Deputy
cd6a283e-7490-4569-8095-823f4bd43394,6e7d790abdc7,https://www.linkedin.com/in/rubenchacon,The Coca-Cola Company,the coca-cola,Deputy CISO & Director Information Protection,,2013,5,2015.0,5.0,24.0,156,False,2026-05-17,False,False,False,Pre-COVID,5001-10000,Enterprise Software,,,0,False,,Excluded_Deputy
586078c0-9f9a-4799-83e0-35294deb63e7,f01feb4ea676,https://www.linkedin.com/in/becky-palmer-38a2873,CDW,cdw,Deputy CISO,,2016,6,2020.0,6.0,48.0,119,False,2026-05-17,True,True,False,Pre-COVID,501-1000,Insurance,,,0,False,,Excluded_Deputy
f94b434d-63fc-4364-814a-2156f18a135a,6bf1cefa13c6,https://www.linkedin.com/in/michael-r-smith-a4627b99,"Creative Computing Solutions, inc (CCSi)","creative computing solutions, inc (ccsi)",Deputy CISO / Sr. Security Program Manager,,2009,6,2015.0,6.0,72.0,203,False,2026-05-17,False,False,False,Pre-COVID,101-250,Enterprise Software,,,0,False,,Excluded_Deputy
10149d69-92ec-413d-8244-c0ceca52eb6b,358b43231ad5,https://www.linkedin.com/in/kara-h-5134481,FIS,fis,Corporate Chief Information Officer (CIO),,2021,1,2023.0,2.0,25.0,64,False,2026-05-17,False,False,False,COVID,10000+,FinTech,,,0,False,,Excluded_Other
14c429d5-ae94-44ee-887c-ec213d912d55,2f597ed82ddb,https://www.linkedin.com/in/patricia-hinerman-2136002,Interpublic Group (IPG),interpublic group (ipg),IPG Corporate CIO,,2008,11,2019.0,3.0,124.0,210,False,2026-05-17,False,False,False,Pre-COVID,5001-10000,Consumer,,,0,False,,Excluded_Other
d4ad5d86-30f1-4352-a948-69af37f58fbd,b6a00c5c4a6e,https://www.linkedin.com/in/jameeka,Nike,nike,Interim Director of Identity & Access Management (IAM) | Corporate Information Security,,2017,2,2017.0,7.0,5.0,111,False,2026-05-17,False,False,False,Pre-COVID,251-500,Healthcare,,,0,False,,Excluded_Interim
ef79a348-092e-4cda-9966-de63916f91d2,b6a00c5c4a6e,https://www.linkedin.com/in/jameeka,Lockheed Martin,lockheed martin,Technical Assistant to the Vice President & CIO | Space Systems ,,2014,11,2016.0,3.0,16.0,138,False,2026-05-17,False,False,False,Pre-COVID,251-500,Healthcare,,,0,False,,Excluded_Other
24a18e8a-1726-4725-89d9-ef0fd052b6a9,655be97473e6,https://www.linkedin.com/in/lorihavlovitz,Cardinal Health,cardinal health,"VP, Information Security and Technology Risk Management",,2015,9,2019.0,9.0,48.0,128,False,2026-05-17,False,False,False,Pre-COVID,,,,,0,False,,VP_below_CISO_at_same_company
5a020424-b85f-433a-879e-d6a747aee78d,7b135153883c,https://www.linkedin.com/in/svp-ncutliff,CXO Media,cxo media,"Advisor, CIO National Advisory Board",,1998,6,2013.0,1.0,175.0,335,False,2026-05-17,True,False,False,Pre-COVID,10000+,Healthcare,,,0,False,,Excluded_Other
0c49582e-8bc4-4319-ae6f-7c1b934e8557,76d3df2b8d24,https://www.linkedin.com/in/guerraguillermo,Jackson,jackson,"SVP, Chief Technology Strategy & Security Officer",,2026,4,,,,1,True,2026-05-17,False,False,False,Post-COVID,1001-5000,Finance / Financial Services,,,0,True,,VP_below_CISO_at_same_company
286d89c2-350c-4a62-b829-e63ab49ccf52,91a6e3c312d1,https://www.linkedin.com/in/jaimemanriquez,West Coast Community Bank,west coast community bank,Vice President-Chief Technology Officer- Information Security Officer,,2006,3,2011.0,8.0,65.0,242,False,2026-05-17,False,False,False,Pre-COVID,11-50,Finance / Financial Services,,,0,False,,VP_below_CISO_at_same_company
ee600dcc-fc98-4ca8-bac9-abbe79210546,91a6e3c312d1,https://www.linkedin.com/in/jaimemanriquez,West Coast Community Bank,west coast community bank,Vice President-Sr. Network Administrator-Information Security Officer,,2005,3,2006.0,3.0,12.0,254,False,2026-05-17,False,False,False,Pre-COVID,11-50,Finance / Financial Services,,,0,False,,VP_below_CISO_at_same_company
ffba4554-8047-492d-9d91-d7490d8a978f,91a6e3c312d1,https://www.linkedin.com/in/jaimemanriquez,West Coast Community Bank,west coast community bank,Assistan Vice President - Sr. Network Administrator- Information Security Officer,,2004,1,2005.0,3.0,14.0,268,False,2026-05-17,False,False,False,Pre-COVID,11-50,Finance / Financial Services,,,0,False,,VP_below_CISO_at_same_company
680e62ff-4b3a-4d2b-a80f-b598e7ddedd5,e0098eff4574,https://www.linkedin.com/in/jerich-beason,AECOM,aecom,"Sr. Director, Information Security and Deputy CISO",,2020,1,2020.0,8.0,7.0,76,False,2026-05-17,False,False,False,Pre-COVID,10000+,Finance / Financial Services,,,0,False,,Excluded_Deputy
1bd981b9-e89c-4507-b06b-da529318838c,f4b90a697032,https://www.linkedin.com/in/john-gift-mba-cissp-cism-ceh-cih,Target,target,Interim Manager  –  IT Security Operations Center (SOC),,2014,1,2014.0,3.0,2.0,148,False,2026-05-17,False,False,False,Pre-COVID,,,,,0,False,,Excluded_Interim
90430ecc-1a8f-4a08-8865-5297329fdb9c,5799986fa656,https://www.linkedin.com/in/mcmahoncolleen,GlaxoSmithKline,glaxosmithkline,"Deputy CISO, Head Information Security Strategy, Architecture and Engineering",,2018,3,2019.0,11.0,20.0,98,False,2026-05-17,False,False,False,Pre-COVID,10000+,Pharma,,,0,False,,Excluded_Deputy
a1e832dc-4e0d-407e-a6ea-9c24ed057c64,5799986fa656,https://www.linkedin.com/in/mcmahoncolleen,GlaxoSmithKline,glaxosmithkline,"Deputy CISO, Head of Information Security Strategy, Architecture and Incident Response",,2013,2,2019.0,3.0,73.0,159,False,2026-05-17,False,False,False,Pre-COVID,10000+,Pharma,,,0,False,,Excluded_Deputy
84d26572-a343-4774-b8ff-8cbcbce95dfd,23f75cc192ba,https://www.linkedin.com/in/antonio-andrews-cissp-cism-cisa,The Chemours Company,the chemours,Deputy CISO,,2024,8,,,,21,True,2026-05-17,False,False,False,Post-COVID,10000+,Retail,,,0,True,,Excluded_Deputy
aa49788f-ed5e-462e-b2d9-960f8a35ea50,c19175c85a47,https://www.linkedin.com/in/alonzoellis,Imperito Networks,imperito networks,Co-Founder and CTO,,1998,6,2004.0,6.0,72.0,335,False,2026-05-17,True,True,False,Pre-COVID,10000+,Finance / Financial Services,,,0,False,,Excluded_Other
a4c6fe16-8192-4674-9fed-50e923653ff5,beed9b561c00,https://www.linkedin.com/in/susanne-elizer-senoff-575ba96,McAfee,mcafee,Deputy CISO,,2022,9,2023.0,7.0,10.0,44,False,2026-05-17,False,False,False,Post-COVID,51-100,Enterprise SaaS,,,0,False,,Excluded_Deputy
d8284aa4-1cca-412d-beff-7cc04f53a22f,1c768ac58ddb,https://www.linkedin.com/in/cmmazzone,Omnicom,omnicom,Global Deputy CISO,,2021,9,,,,56,True,2026-05-17,False,False,False,COVID,10000+,AdTech / MarTech,,,0,False,,Excluded_Deputy
4d2d39a8-fe70-4eb2-b18b-9a2ab90610e1,1c768ac58ddb,https://www.linkedin.com/in/cmmazzone,PTC,ptc,Cybersecurity Risk Officer & Interim Product Security Officer,,2019,7,2021.0,9.0,26.0,82,False,2026-05-17,False,False,False,Pre-COVID,10000+,AdTech / MarTech,,,0,False,,Excluded_Interim
95e56ae5-bcff-420c-9154-73b094359d84,0e1adebcd074,https://www.linkedin.com/in/pam-lindemoen,"Anthem, Inc.",anthem,"Staff VP, Information Security Policy and Governance / Deputy CISO",,2017,8,2021.0,6.0,46.0,105,False,2026-05-17,False,False,False,Pre-COVID,10000+,Cloud Infrastructure,,,0,False,,Excluded_Deputy
2d0c9939-16db-46df-a6de-d04a02745f65,dea4c240ef20,https://www.linkedin.com/in/jeremy-embalabala-0393a3b,HUB International,hub international,Vice President Information Security,,2019,8,2021.0,10.0,26.0,81,False,2026-05-17,False,False,False,Pre-COVID,10000+,Insurance,,,0,False,,VP_below_CISO_at_same_company
45e5b4a2-2861-4dbd-a075-09a6ee1d9a7a,431d074b07a2,https://www.linkedin.com/in/angelique-q-napoleon-7b67977,General Dynamics Information Technology,general dynamics information,"Cybersecurity Director, Division Deputy CISO & Cyber Capability Lead",,2024,2,,,,27,True,2026-05-17,False,False,False,Post-COVID,10000+,Defense Technology,,,0,True,,Excluded_Deputy
a88dd83d-ac85-4534-9a36-36c0615626ff,83dfe4aa3830,https://www.linkedin.com/in/sam-kini-a7a2068,Virgin Media,virgin media,Director of Service Management (interim),,2010,1,2010.0,8.0,7.0,196,False,2026-05-17,False,False,False,Pre-COVID,10000+,Consumer Packaged Goods,,,0,False,,Excluded_Interim
44e776da-5127-416a-b531-19294a83a18d,f583a153241d,https://www.linkedin.com/in/mary-haigh-29611625,BAE Systems,bae systems,Director of Digital Delivery and Deputy Global CIO,,2025,5,,,,12,True,2026-05-17,False,False,False,Post-COVID,10000+,Defense Technology,,,0,True,,Excluded_Other
fc9649a8-1c63-48e6-a28f-75c28d3292fa,67bc32733c8b,https://www.linkedin.com/in/caseyessary,BILL,bill,VP & Deputy CISO,,2024,9,,,,20,True,2026-05-17,False,False,False,Post-COVID,1001-5000,Finance / Financial Services,,,0,True,,Excluded_Deputy
0d09e946-6c11-4890-8942-64a8c105e3d5,67bc32733c8b,https://www.linkedin.com/in/caseyessary,BILL,bill,Sr. Director & Deputy CISO,,2022,4,2024.0,9.0,29.0,49,False,2026-05-17,False,False,False,Post-COVID,1001-5000,Finance / Financial Services,,,0,False,,Excluded_Deputy
c924463f-668f-4e4e-a9c9-9ee49479d71f,478ef8451a2e,https://www.linkedin.com/in/jenniferlhartman,Informatica,informatica,"Sr. Director & Deputy CISO, Information Security Protection, Strategy & Operations",,2020,2,2023.0,12.0,46.0,75,False,2026-05-17,False,False,False,Pre-COVID,1001-5000,Data / Analytics,,,0,False,,Excluded_Deputy
b2802f49-2ff4-485a-977b-0496708bbb4b,06bf56c2b500,https://www.linkedin.com/in/amy-steagall-hess-029b0350,Stanford University,stanford university,Acting Chief Information Security Officer,,2022,5,2022.0,9.0,4.0,48,False,2026-05-17,False,False,False,Post-COVID,10000+,Education,,,0,False,,Excluded_Interim
42069e43-54cc-4ff8-a98d-b7b8aae36290,01d22de98882,https://www.linkedin.com/in/manishaagarwalshah,McAfee,mcafee,Deputy CISO,,2024,1,,,,28,True,2026-05-17,False,False,False,Post-COVID,10000+,Enterprise SaaS,,,0,True,,Excluded_Deputy
6a03d27f-c5a8-4baf-88d8-bdbdcbb8649d,1015c959ecf4,https://www.linkedin.com/in/lisa-a-ackerman,GSK,gsk,"Deputy CISO, VP Cyber Security Strategy and Solutions",,2022,12,2025.0,3.0,27.0,41,False,2026-05-17,False,False,False,Post-COVID,10000+,Pharma,,,0,False,,Excluded_Deputy
e304eb03-88f2-41bf-89c4-9ac172a6e544,8893e27cbd73,https://www.linkedin.com/in/thuytrankorns,Carrier,carrier,Deputy CISO | Cybersecurity Governance Risk & Compliance | Strategy,,2022,3,2024.0,10.0,31.0,50,False,2026-05-17,False,False,False,Post-COVID,10000+,Healthcare,,,0,False,,Excluded_Deputy
931af949-4014-4d81-b505-54668b4560c9,8b8216d36ae5,https://www.linkedin.com/in/john-nai-1124391,PayPal,paypal,"VP - Security, Architecture, Availability and Performance",,2013,11,2022.0,2.0,99.0,150,False,2026-05-17,False,False,False,Pre-COVID,10000+,FinTech,,,0,False,,VP_below_CISO_at_same_company
f4150307-8115-47c1-b7b5-a96c72d1621c,58adc6e3abc6,https://www.linkedin.com/in/mattmckeever,LexisNexis,lexisnexis,CTO Infrastructure and Operations.,,2025,1,,,,16,True,2026-05-17,False,False,False,Post-COVID,10000+,Enterprise SaaS,,,0,True,,Excluded_Other
e6bdf3b7-748c-436f-b217-91347dbda6b8,58adc6e3abc6,https://www.linkedin.com/in/mattmckeever,LexisNexis,lexisnexis,CTO Cloud Engineering,,2024,3,2025.0,5.0,14.0,26,False,2026-05-17,False,False,False,Post-COVID,10000+,Enterprise SaaS,,,0,True,,Excluded_Other
5ec4ca37-bb96-46c6-9a26-4fc12e2b8288,5c54a39d8983,https://www.linkedin.com/in/damonbecknel,Microsoft,microsoft,"Vice President and Deputy CISO, Regulated Industries",,2024,7,,,,22,True,2026-05-17,False,False,False,Post-COVID,501-1000,Enterprise SaaS,,,0,True,,Excluded_Deputy
dd9d13c5-83f8-4108-84ba-b481e0a54393,95f68ffd81a1,https://www.linkedin.com/in/jeffcostlow,ExtraHop Networks,extrahop networks,Deputy CISO,,2016,10,2023.0,9.0,83.0,115,False,2026-05-17,False,False,False,Pre-COVID,501-1000,Cloud Security,,,0,False,,Excluded_Deputy
a1d39df7-e193-43cd-b604-4b23d856fd0a,f13b82621b94,https://www.linkedin.com/in/destlick,Starbucks,starbucks,"VP, Technology Infrastructure and Enterprise Security Officer",,2012,12,2015.0,5.0,29.0,161,False,2026-05-17,False,False,False,Pre-COVID,10000+,Restaurant / Hospitality,,,0,False,,VP_below_CISO_at_same_company
a3d6f8e8-67b3-4085-8dbd-bbeee8d1a5fb,c9f452014202,https://www.linkedin.com/in/chetan-p-4271563,Helaba,helaba,"Vice President Information Security Officer, New York and London",,2018,3,2020.0,8.0,29.0,98,False,2026-05-17,False,False,False,Pre-COVID,51-100,Finance / Financial Services,,,0,False,,VP_below_CISO_at_same_company
16d90924-c935-4400-bd29-76b1d25ae866,432135948a81,https://www.linkedin.com/in/atticustysen,Intuit,intuit,"SVP Product Development, Chief Information Security and Fraud Prevention Officer",,2021,8,,,,57,True,2026-05-17,False,False,False,COVID,5001-10000,Finance / Financial Services,,,0,False,,VP_below_CISO_at_same_company
bbd947ac-5af1-449e-8a81-35f1ccc504da,432135948a81,https://www.linkedin.com/in/atticustysen,Intuit,intuit,SVP & CIO,,2013,8,2020.0,1.0,77.0,153,False,2026-05-17,False,False,False,Pre-COVID,5001-10000,Finance / Financial Services,,,0,False,,Excluded_Other
d2655fc3-fbce-473d-bbae-105ad46734a1,e29345373142,https://www.linkedin.com/in/e-larry-lidz-7b286340,Cisco,cisco,"VP, Software Security",,2025,10,,,,7,True,2026-05-17,False,False,False,Post-COVID,10000+,Cloud Infrastructure,,,0,True,,VP_below_CISO_at_same_company
fbc9d34a-bfb5-407a-80c6-002ebf2c9d8d,e29345373142,https://www.linkedin.com/in/e-larry-lidz-7b286340,Cisco,cisco,VP Customer Security,,2024,4,2025.0,10.0,18.0,25,False,2026-05-17,False,False,False,Post-COVID,10000+,Cloud Infrastructure,,,0,True,,VP_below_CISO_at_same_company
0b687a04-86b6-470f-bc9c-52dd44a91c06,e29345373142,https://www.linkedin.com/in/e-larry-lidz-7b286340,CNA Insurance,cna insurance,"Assistant Vice President, Information Security & Risk Management",,2014,9,2015.0,8.0,11.0,140,False,2026-05-17,False,False,False,Pre-COVID,10000+,Cloud Infrastructure,,,0,False,,VP_below_CISO_at_same_company
0ce5b2cd-b281-47c5-9636-86518fc9bba8,f629d72fea5f,https://www.linkedin.com/in/drew-simonis,Hewlett Packard Enterprise,hewlett packard enterprise,"VP, Chief Security Officer (Interim)",,2020,7,2021.0,3.0,8.0,70,False,2026-05-17,False,False,False,COVID,,,,,0,False,,Excluded_Interim
206d7484-13cc-4af8-89eb-f4f0150c3292,f629d72fea5f,https://www.linkedin.com/in/drew-simonis,Hewlett Packard Enterprise,hewlett packard enterprise,"Vice President, Deputy CISO ",,2018,12,2020.0,6.0,18.0,89,False,2026-05-17,False,False,False,Pre-COVID,,,,,0,False,,Excluded_Deputy
03f2e566-7ce3-4007-870b-07bfd867f4bc,c095df2b9095,https://www.linkedin.com/in/jackmaynard,Gap Inc.,gap,"Deputy CISO, Senior Director, Security Engineering & Operations",,2016,8,2019.0,10.0,38.0,117,False,2026-05-17,False,False,False,Pre-COVID,10000+,Retail,,,0,False,,Excluded_Deputy
6255fdba-a72d-4bcb-8d1e-84ae8c549276,baef1464842b,https://www.linkedin.com/in/troy-ament-93b4822,Ubiquity,ubiquity,"CIO/CTO, Director Information Technology",,2006,7,2008.0,6.0,23.0,238,False,2026-05-17,False,False,False,Pre-COVID,1001-5000,Cloud Security,,,0,False,,Excluded_Other
bed5df52-8ff9-47b9-8bcf-f2afecf4d82f,07ed2b3ee724,https://www.linkedin.com/in/danieladammayer,COUGA.net,couga.net,Co-Founder and CTO,,2001,6,2010.0,12.0,114.0,299,False,2026-05-17,True,False,False,Pre-COVID,5001-10000,Finance / Financial Services,,,0,False,,Excluded_Other
9a865942-47d4-4230-8338-e96f2fb1b524,0cb3f44c25ed,https://www.linkedin.com/in/darelgustafson,HealthPartners,healthpartners,Director Information Security - Deputy CISO,,2001,7,,,,298,True,2026-05-17,False,False,False,Pre-COVID,10000+,Healthcare,,,0,False,,Excluded_Deputy
b8359fa9-168c-4ad8-829e-3326a803dd8a,659f35345d2a,https://www.linkedin.com/in/akshetty14,Guidewire Software,guidewire software,"VP, Deputy CISO",,2023,11,,,,30,True,2026-05-17,False,False,False,Post-COVID,5001-10000,Enterprise SaaS,,,0,True,,Excluded_Deputy
7751db96-60af-475c-88f4-135d72543721,9efb4d9041af,https://www.linkedin.com/in/karimi,Moderna,moderna,"Deputy CISO, Executive Director",,2026,3,,,,2,True,2026-05-17,False,False,False,Post-COVID,1001-5000,HealthTech,,,0,True,,Excluded_Deputy
5642fd98-e193-40e8-b149-f34332846a1c,891ad2310061,https://www.linkedin.com/in/kristina-belnap,Proficio Bank,proficio bank, CIO,,2016,2,2017.0,3.0,13.0,123,False,2026-05-17,False,False,False,Pre-COVID,1001-5000,Finance / Financial Services,,,0,False,,Excluded_Other
e63bbf07-49f3-45e8-bfc6-94dab44e0091,0d0bd8f9c7ac,https://www.linkedin.com/in/jenner-holden-6510702,Axon,axon,Chief Information Officer (Interim),,2024,3,,,,26,True,2026-05-17,False,False,False,Post-COVID,1001-5000,Defense Technology,,,0,True,,Excluded_Interim
5f327f31-4dcd-4041-b8c0-1d18af5b52b7,0d0bd8f9c7ac,https://www.linkedin.com/in/jenner-holden-6510702,Axon,axon,Sr Vice President of Information Security,,2017,2,2017.0,12.0,10.0,111,False,2026-05-17,False,False,False,Pre-COVID,1001-5000,Defense Technology,,,0,False,,VP_below_CISO_at_same_company
d4242f48-48d2-45e5-a517-f5356389fbae,89ca7c1d26a4,https://www.linkedin.com/in/bill-roberts-4959b8,"Hologic, Inc.",hologic,Interim Chief Information Officer - Retired,,2020,10,2021.0,1.0,3.0,67,False,2026-05-17,False,False,False,COVID,1-10,FinTech,,,0,False,,Excluded_Interim
b6ab9e29-d558-4124-b17e-3d49de1c01c7,da7ed3424c04,https://www.linkedin.com/in/todd-wagner-cissp-cdpse-cipm-aa2960a,Bridgestone Americas,bridgestone americas,Deputy CISO,,2022,8,2025.0,6.0,34.0,45,False,2026-05-17,False,False,False,Post-COVID,10000+,Industrial / Manufacturing,,,0,False,,Excluded_Deputy
c5b5236e-695b-4bf0-8176-a7fad0505a8d,da7ed3424c04,https://www.linkedin.com/in/todd-wagner-cissp-cdpse-cipm-aa2960a,Caterpillar Inc.,caterpillar,"Information Security Senior Leadership, Global Information Services (Untitled Global Deputy CISO)",,2004,3,2017.0,4.0,157.0,266,False,2026-05-17,False,False,False,Pre-COVID,10000+,Industrial / Manufacturing,,,0,False,,Excluded_Deputy
e912314e-ee82-4897-8d16-e97cfe170485,666237fc827c,https://www.linkedin.com/in/markabutler,Trace3,trace3,VP Security Solutions,,2025,9,,,,8,True,2026-05-17,False,False,False,Post-COVID,1001-5000,Consulting / Professional Services,,,0,True,,VP_below_CISO_at_same_company
02944870-ac16-406c-85eb-ae1bcd073d08,666237fc827c,https://www.linkedin.com/in/markabutler,Fiserv,fiserv,"VP of Security Architecture, Engineering & Operations, Information Security Officer - ETG",,2011,2,2015.0,6.0,52.0,183,False,2026-05-17,False,False,False,Pre-COVID,1001-5000,Consulting / Professional Services,,,0,False,,VP_below_CISO_at_same_company
a572caf6-4131-4d64-bb9f-570ca7e75582,65133bb8c9fc,https://www.linkedin.com/in/johngrahamln,NetJets,netjets,Global Chief Information Officer (CIO),,2023,6,2024.0,6.0,12.0,35,False,2026-05-17,True,True,False,Post-COVID,5001-10000,Shipping / Transportation,,,0,True,,Excluded_Other
8b69b6a0-8fbb-489f-a983-13a701ebd92a,a5e119e4ef9d,https://www.linkedin.com/in/jasperossentjukciso,HSBC,hsbc,SVP - Information Security,,2007,3,2009.0,5.0,26.0,230,False,2026-05-17,False,False,False,Pre-COVID,5001-10000,Finance / Financial Services,,,0,False,,VP_below_CISO_at_same_company
52b5a1f5-15cf-4856-a340-33bfd59c8cd8,7656da24b13b,https://www.linkedin.com/in/yaronrl,Cerner Corporation,cerner corporation,"Deputy CISO, Director Information Security",,2013,4,2016.0,2.0,34.0,157,False,2026-05-17,False,False,False,Pre-COVID,1001-5000,Enterprise SaaS,,,0,False,,Excluded_Deputy
62330784-0771-41c9-aa5f-471a62e810e4,10cb3dce1163,https://www.linkedin.com/in/adammattina,Blackstone,blackstone,Managing Director & Deputy CISO,,2022,1,2025.0,1.0,36.0,52,False,2026-05-17,False,False,False,Post-COVID,1001-5000,Finance / Financial Services,,,0,False,,Excluded_Deputy
d3efdcf0-9fc3-4bba-9df6-0937931b8223,10cb3dce1163,https://www.linkedin.com/in/adammattina,Blackstone,blackstone,Senior Vice President & Deputy CISO,,2018,1,2021.0,12.0,47.0,100,False,2026-05-17,False,False,False,Pre-COVID,1001-5000,Finance / Financial Services,,,0,False,,Excluded_Deputy
7e7346e0-8443-4c39-b159-a912a2016e05,10cb3dce1163,https://www.linkedin.com/in/adammattina,Blackstone,blackstone,Vice President & Deputy CISO,,2017,1,2017.0,12.0,11.0,112,False,2026-05-17,False,False,False,Pre-COVID,1001-5000,Finance / Financial Services,,,0,False,,Excluded_Deputy
177d05a3-8107-48f7-9b24-d276eddb076d,1cd485b8d939,https://www.linkedin.com/in/adamely,Alvarez and Marsal,alvarez and marsal,Interim CIO & CISO for Clients,,2009,6,2009.0,11.0,5.0,203,False,2026-05-17,False,False,False,Pre-COVID,101-250,Finance / Financial Services,,,0,False,,Excluded_Interim
3ac3475b-c3b8-4e8a-ad72-e06729e81b9b,981601af41ad,https://www.linkedin.com/in/david-toy-cfe-cpp-cism-cisa-cgeit-crisc-5693b1,"iHerb, LLC",iherb,"SVP, Information Security and Enterprise IT",,2024,8,,,,21,True,2026-05-17,False,False,False,Post-COVID,501-1000,Consumer,,,0,True,,VP_below_CISO_at_same_company
a2f5ffd3-0704-449f-87a9-2b8a7e1a8738,9f56734e7690,https://www.linkedin.com/in/evan-wheeler-a9a3821,The Depository Trust & Clearing Corporation,the depository trust & clearing corporation,"Director, IT Risk Management and Deputy CISO at Omgeo (A DTCC | Thomson Reuters Company)",,2008,6,2015.0,1.0,79.0,215,False,2026-05-17,False,False,False,Pre-COVID,10000+,Finance / Financial Services,,,0,False,,Excluded_Deputy
30c31d40-aa4d-46ea-aa75-4e53317054a6,f4e30c3a1325,https://www.linkedin.com/in/shields1,TransUnion,transunion,"EVP, Security",,2025,7,2025.0,9.0,2.0,10,False,2026-05-17,False,False,False,Post-COVID,10000+,FinTech,,,0,True,,VP_below_CISO_at_same_company
a6445233-c336-46ae-a3af-34a2d76bf54b,e9c715cc02a1,https://www.linkedin.com/in/alextosheff,PivxX,pivxx,CTO,,2004,4,2007.0,8.0,40.0,265,False,2026-05-17,False,False,False,Pre-COVID,10000+,Enterprise SaaS,,,0,False,,Excluded_Other
ed7e7163-f076-4257-b3ee-1bac6c6b1947,e9c715cc02a1,https://www.linkedin.com/in/alextosheff,"Science Application International, Corp",science application international,"Corporate Vice President, CTO",,1994,3,2001.0,2.0,83.0,386,False,2026-05-17,False,False,False,Pre-COVID,10000+,Enterprise SaaS,,,0,False,,Excluded_Other
a079d64d-4ef2-4544-92e0-32e9b9f7575f,10b56fa26e23,https://www.linkedin.com/in/balasathiamurthy,Atlassian,atlassian,Chief Trust Officer (Interim),,2023,4,2023.0,10.0,6.0,37,False,2026-05-17,False,False,False,Post-COVID,51-100,Finance / Financial Services,,,0,False,,Excluded_Interim
403bb0d4-23a4-4ea1-9016-430c792b7bcd,6220aa4f5364,https://www.linkedin.com/in/hilkemeyer,Ohmium,ohmium,CIO,,2024,1,,,,28,True,2026-05-17,False,False,False,Post-COVID,51-100,Enterprise SaaS,,,0,True,,Excluded_Other
d466d665-6532-4e15-ab9b-d4e31c372b25,988c891487e2,https://www.linkedin.com/in/michael-johnson-cyber,Capital One,capital one,"Senior Vice President, Cybersecurity",,2019,11,2020.0,2.0,3.0,78,False,2026-05-17,False,False,False,Pre-COVID,,,,,0,False,,VP_below_CISO_at_same_company
0b287bed-9f71-498a-9655-75c618d830aa,9bca802086b0,https://www.linkedin.com/in/neil-pennell,ABB’s Enterprise Software Product Group,abb’s enterprise software product,CTO for Customer Services -- Vice President,,2014,2,2015.0,6.0,16.0,147,False,2026-05-17,False,False,False,Pre-COVID,,,,,0,False,,Excluded_Other
ae4bc661-2941-488c-abcd-fc5b86b1244a,9bca802086b0,https://www.linkedin.com/in/neil-pennell,Mincom,mincom,Global CIO and CTO Managed Servers - Vice President,,2010,2,2014.0,2.0,48.0,195,False,2026-05-17,False,False,False,Pre-COVID,,,,,0,False,,Excluded_Other
994c4017-f6ea-4477-aa18-11dc69260c76,9bca802086b0,https://www.linkedin.com/in/neil-pennell,E2open,e2open,CIO/VP & Principal Engineer,,2004,3,2010.0,1.0,70.0,266,False,2026-05-17,False,False,False,Pre-COVID,,,,,0,False,,Excluded_Other
50513b18-94ce-4144-a4d0-28777d84a40e,bd5a7d788891,https://www.linkedin.com/in/dshawdotnet,AppFolio,appfolio,"SVP, Trust | Chief Risk & Security Officer",,2026,3,,,,2,True,2026-05-17,False,False,False,Post-COVID,5001-10000,Enterprise SaaS,,,0,True,,VP_below_CISO_at_same_company
d9b4a15f-35fd-48e1-8a2a-6160044daa90,853767f70a7b,https://www.linkedin.com/in/gregtemm,Charter Communications,charter communications,"Group Vice President, IT Security & Communication  Systems",,2020,11,2023.0,3.0,28.0,66,False,2026-05-17,False,False,False,COVID,10000+,Telecommunications,,,0,False,,VP_below_CISO_at_same_company
fb2c6337-1047-4aa8-853a-8401365fe645,b2a227c2f545,https://www.linkedin.com/in/jasonlish,Alight Solutions,alight,CIO,,2018,5,2018.0,11.0,6.0,96,False,2026-05-17,False,False,False,Pre-COVID,10000+,Cloud Infrastructure,,,0,False,,Excluded_Other
e7247d06-6f63-4183-b11b-e7113822967e,78da05b2acd6,https://www.linkedin.com/in/davidmahon2,"CenturyLink, Inc.",centurylink,Vice President of Corporate Security,,2006,8,2011.0,4.0,56.0,237,False,2026-05-17,False,False,False,Pre-COVID,,,,,0,False,,VP_below_CISO_at_same_company
38504055-14fb-4c63-ad36-3a3d11c89dc3,084224e283ac,https://www.linkedin.com/in/lawrence-jarvis-477546,Fidelity Investments,fidelity investments,"SVP, Application/Cloud Technical & Security Operations",,2006,3,2012.0,4.0,73.0,242,False,2026-05-17,False,False,False,Pre-COVID,10000+,Cloud Security,,,0,False,,VP_below_CISO_at_same_company
7ed6e6b0-7905-44b9-b7ce-a172dfa0701c,084224e283ac,https://www.linkedin.com/in/lawrence-jarvis-477546,Fidelity Investments,fidelity investments,"VP, Enterprise Architect & Venture Capital CTO",,1996,5,2001.0,2.0,57.0,360,False,2026-05-17,False,False,False,Pre-COVID,10000+,Cloud Security,,,0,False,,Excluded_Other
2e96ccaa-336f-4277-b0cd-aea04140d73a,52f69cb3c3ef,https://www.linkedin.com/in/jpdorn,Infor,infor,Chief Architect (VP) - Security and Operations,,2017,9,2018.0,3.0,6.0,104,False,2026-05-17,False,False,False,Pre-COVID,10000+,Enterprise SaaS,,,0,False,,VP_below_CISO_at_same_company
b70d6670-1ec2-4f14-a8bb-9f27d0c83aba,d55daf05757a,https://www.linkedin.com/in/coombesjonathan,USAA,usaa,Deputy CISO,,2004,6,2009.0,6.0,60.0,263,False,2026-05-17,True,True,False,Pre-COVID,10000+,Restaurant / Hospitality,,,0,False,,Excluded_Deputy
b250137c-4852-41ef-aa0f-47481391ceae,f4201aa4e933,https://www.linkedin.com/in/scott-matsumoto-b0b23,Spring Street Networks,spring street networks,CTO,,2003,7,2005.0,9.0,26.0,274,False,2026-05-17,False,False,False,Pre-COVID,1001-5000,FinTech,,,0,False,,Excluded_Other
16faa371-2a03-4e48-827e-00ba4c5474b5,f4201aa4e933,https://www.linkedin.com/in/scott-matsumoto-b0b23,Xtremesoft,xtremesoft,CTO,,1997,12,2003.0,7.0,67.0,341,False,2026-05-17,False,False,False,Pre-COVID,1001-5000,FinTech,,,0,False,,Excluded_Other
f1db1331-6240-4927-ace0-5057741dac8d,00a4b881a16c,https://www.linkedin.com/in/billyjspears,Hyundai Capital America,hyundai capital america,"Director II, Information Protection [Deputy CISO]",,2014,9,2017.0,9.0,36.0,140,False,2026-05-17,False,False,False,Pre-COVID,10000+,Enterprise SaaS,,,0,False,,Excluded_Deputy
d215fe2f-b83d-4084-a698-2e3ed8782f29,18926522073a,https://www.linkedin.com/in/wayne-reynolds-80593318,Armor Cloud Security,armor cloud security,Vice President of Security,,2014,3,2018.0,1.0,46.0,146,False,2026-05-17,False,False,False,Pre-COVID,10000+,Finance / Financial Services,,,0,False,,VP_below_CISO_at_same_company
124a0d90-0ad2-46fd-81c1-c44c0289f7e8,5ebb8e049ac4,https://www.linkedin.com/in/mjduff,Stanford University,stanford university,Interim Chief Privacy Officer,,2018,11,2019.0,8.0,9.0,90,False,2026-05-17,False,False,False,Pre-COVID,10000+,Education,,,0,False,,Excluded_Interim
b738212a-5b1b-42ca-843d-926a73e9efdd,5ebb8e049ac4,https://www.linkedin.com/in/mjduff,MDinteractive,mdinteractive,CTO,,1999,6,2001.0,6.0,24.0,323,False,2026-05-17,True,True,False,Pre-COVID,10000+,Education,,,0,False,,Excluded_Other
8968135a-db59-4901-aa22-cb4a67c24835,05a5568cd1e8,https://www.linkedin.com/in/tspinelli,"Urban One, Inc",urban one,Chief Technology & Information Officer (CIO/CTO),,2019,8,2025.0,5.0,69.0,81,False,2026-05-17,False,False,False,Pre-COVID,51-100,Enterprise SaaS,,,0,False,,Excluded_Other
f3ad3b85-fdc5-439f-b5c6-7ff036f0885c,136fd61018ce,https://www.linkedin.com/in/timchase2,Lacework,lacework,Field CTO - Enterprise,,2021,8,2022.0,2.0,6.0,57,False,2026-05-17,False,False,False,COVID,251-500,Cloud Security,,,0,False,,Excluded_Other
198d3f52-3be0-4d1a-83d1-449378d9d23c,142b8a50c715,https://www.linkedin.com/in/joe-camilleri-4392a24,Twitter,twitter,"Director, Interim Chief Information Security Officer",,2018,4,2018.0,11.0,7.0,97,False,2026-05-17,False,False,False,Pre-COVID,1001-5000,FinTech,,,0,False,,Excluded_Interim
54f1e2ed-cc61-4ea4-a034-ee4f8e080775,547d1f95304f,https://www.linkedin.com/in/khaja,"Secure eCommerce Systems, Inc.",secure ecommerce systems,CTO,,2000,11,2001.0,9.0,10.0,306,False,2026-05-17,False,False,False,Pre-COVID,101-250,Finance / Financial Services,,,0,False,,Excluded_Other
8ad6bd4a-73f7-4791-b8f7-d81640e347be,547d1f95304f,https://www.linkedin.com/in/khaja,"IdenTrust, LLC",identrust,CTO,,2000,6,2000.0,6.0,6.0,311,False,2026-05-17,True,True,True,Pre-COVID,101-250,Finance / Financial Services,,,0,False,,Excluded_Other
36af568e-6c19-498e-a99b-d650a8589cb2,79059e26cfb9,https://www.linkedin.com/in/richardrushing,VeriSign,verisign,CTO Network Services,,1998,7,2001.0,9.0,38.0,334,False,2026-05-17,False,False,False,Pre-COVID,251-500,Telecommunications,,,0,False,,Excluded_Other
f7b0b7ab-3dd7-41ef-b03f-7c59d98a79de,d97510db9893,https://www.linkedin.com/in/jamesbeeson,R1 RCM,r1 rcm,Global CISO (Interim),,2026,2,,,,3,True,2026-05-17,False,False,False,Post-COVID,10000+,Healthcare,,,0,True,,Excluded_Interim
2ee7c8cb-ea82-4c6a-ad28-3f298c3ba51d,d97510db9893,https://www.linkedin.com/in/jamesbeeson,Pfizer,pfizer,Global CISO (Interim),,2024,7,2025.0,8.0,13.0,22,False,2026-05-17,False,False,False,Post-COVID,10000+,Healthcare,,,0,True,,Excluded_Interim
55e72098-eb5c-429a-ac72-c62958bb49d2,863aa52b4d0b,https://www.linkedin.com/in/mark-northrup-7a236a1,NV Energy,nv energy,CIO Staff - IT Strategist - Enterprise IT Implementations,,2009,1,2010.0,2.0,13.0,208,False,2026-05-17,False,False,False,Pre-COVID,5001-10000,Energy,,,0,False,,Excluded_Other
f3517a54-5bb5-42d3-8acb-63808877a4b9,c17069a972c9,https://www.linkedin.com/in/tony-lee-imgr,AQB (Acquired),aqb (acquired),"Founder, CTO",,2012,6,2015.0,6.0,36.0,167,False,2026-05-17,True,False,False,Pre-COVID,,,,,0,False,,Excluded_Other
5cccc936-8d09-4624-816e-f0bebeffaf67,fc802342d541,https://www.linkedin.com/in/kineticideas,"Arrowhead Labs, Inc.",arrowhead labs,"Chief Innovation Officer, Executive Transformation Coach, Interim CISO",,2018,10,2022.0,4.0,42.0,91,False,2026-05-17,False,False,False,Pre-COVID,5001-10000,Education,,,0,False,,Excluded_Interim
659d8528-d220-4e56-b3c0-564ecccaa27b,2e5fe493699b,https://www.linkedin.com/in/parthivshah,Depository Trust & Clearing Corporation,depository trust & clearing corporation,"Vice President, Deputy CISO",,2005,9,2013.0,6.0,93.0,248,False,2026-05-17,False,False,False,Pre-COVID,1001-5000,Finance / Financial Services,,,0,False,,Excluded_Deputy
2702f560-c2e4-44e5-9390-2f44f758841f,c2012e7bd7e6,https://www.linkedin.com/in/davidortizciso,Bed Bath & Beyond,bed bath & beyond,Vice President - Cybersecurity & Infrastructure Security,,1998,6,2017.0,6.0,228.0,335,False,2026-05-17,True,True,False,Pre-COVID,,,,,0,False,,VP_below_CISO_at_same_company
d6bc9a97-ea74-4f26-91b3-2ebc5d8f9805,7545e898f685,https://www.linkedin.com/in/sean-wright-5405852,Universal Music Group,universal music,"SVP Information Security, Digital and Physical Security Threat Management, Deputy CISO",,2013,12,2024.0,1.0,121.0,149,False,2026-05-17,False,False,False,Pre-COVID,1001-5000,FinTech,,,0,False,,Excluded_Deputy
c4703b50-4367-4ae9-90ee-f69a3124a30a,9e576d8bddfa,https://www.linkedin.com/in/jonathancannon,UPS,ups,Vice President of Information Security & Risk Management,,2016,4,2017.0,4.0,12.0,121,False,2026-05-17,False,False,False,Pre-COVID,10000+,Shipping / Transportation,,,0,False,,VP_below_CISO_at_same_company
c8fd7e83-2854-4d37-8cad-47cbee8ab8a2,08dbcbabaae4,https://www.linkedin.com/in/thomas-johnson-bbba8411,Penn Highlands Healthcare,penn highlands healthcare,CIO,,2014,2,2020.0,8.0,78.0,147,False,2026-05-17,False,False,False,Pre-COVID,1001-5000,Healthcare,,,0,False,,Excluded_Other
1214939c-69d0-4a4e-99cc-27ee8da77acc,08dbcbabaae4,https://www.linkedin.com/in/thomas-johnson-bbba8411,DuBois Regional Medical Center,dubois regional medical center,CIO,,1992,10,2014.0,2.0,256.0,403,False,2026-05-17,False,False,False,Pre-COVID,1001-5000,Healthcare,,,0,False,,Excluded_Other
13ea87e5-9b47-47b6-a0b9-0f045a6f7e49,2d71c56bad5f,https://www.linkedin.com/in/russell-koste-8090834,"Alexion Pharmaceuticals, Inc.",alexion pharmaceuticals,"VP, Head of Information Technology.  Alexion CIO",,2021,7,2021.0,10.0,3.0,58,False,2026-05-17,False,False,False,COVID,5001-10000,BioTech,,,0,False,,Excluded_Other
06b306f4-5cf5-49da-ab81-a7b9d1534e1b,10652f6c095d,https://www.linkedin.com/in/ahsan-sheikh-cism-cisa-crisc-series-99-6195ab1,IDB Bank,idb bank,"SVP, Chief Information Security Risk Officer (CISRO)",,2020,12,2023.0,12.0,36.0,65,False,2026-05-17,False,False,False,COVID,501-1000,Finance / Financial Services,,,0,False,,VP_below_CISO_at_same_company
ab4095d8-5c93-4c1e-ba32-21ac8f2fbd9e,e7f164dd3845,https://www.linkedin.com/in/ariel-pisetzky,CyberArk,cyberark,CIO,,2025,9,,,,8,True,2026-05-17,False,False,False,Post-COVID,1001-5000,AdTech / MarTech,,,0,True,,Excluded_Other
9887bf41-79ee-4b0f-b8fe-c6e4c870ecfe,e7f164dd3845,https://www.linkedin.com/in/ariel-pisetzky,myThings,mythings,CIO,,2013,1,2014.0,1.0,12.0,160,False,2026-05-17,False,False,False,Pre-COVID,1001-5000,AdTech / MarTech,,,0,False,,Excluded_Other
d152eacd-5ac0-435f-b1ca-c24c75129126,e7f164dd3845,https://www.linkedin.com/in/ariel-pisetzky,888.com,888.com,CIO,,2011,5,2013.0,2.0,21.0,180,False,2026-05-17,False,False,False,Pre-COVID,1001-5000,AdTech / MarTech,,,0,False,,Excluded_Other
2fb6f21a-be05-4b4c-b325-5f67207da718,05045f73a4cf,https://www.linkedin.com/in/mkreavey,Electronic Arts (EA),electronic arts (ea),Vice President - Enterprise Security,,2017,10,2022.0,7.0,57.0,103,False,2026-05-17,False,False,False,Pre-COVID,5001-10000,Sports / Entertainment,,,0,False,,VP_below_CISO_at_same_company
99aa10c7-c28b-47ce-a86d-a63c36cd84cb,5b3939f4430d,https://www.linkedin.com/in/kapil-assudani-0428b53,Edwards Lifesciences,edwards lifesciences,"SVP, Chief Information Security Officer ( CISO) and Interim Chief Information Officer (CIO )",,2025,1,2025.0,10.0,9.0,16,False,2026-05-17,False,False,False,Post-COVID,5001-10000,HealthTech,,,0,True,,Excluded_Interim
7a1c53ac-2883-4b9b-8e1b-d44a8238453c,a1482effa5d8,https://www.linkedin.com/in/matthew-dalton-58547a7,University of Massachusetts Amherst,university of massachusetts amherst,Interim Director of Research Computing,,2019,9,2022.0,3.0,30.0,80,False,2026-05-17,False,False,False,Pre-COVID,5001-10000,Education,,,0,False,,Excluded_Interim
6527b2ea-2071-4f93-8e23-4b413d2d11ee,a1482effa5d8,https://www.linkedin.com/in/matthew-dalton-58547a7,University of Massachusetts Amherst,university of massachusetts amherst,Interim Director of Instructional Innovation and Technology,,2019,9,2021.0,6.0,21.0,80,False,2026-05-17,False,False,False,Pre-COVID,5001-10000,Education,,,0,False,,Excluded_Interim
139e84c4-eb45-47f0-a91f-ab365b228302,3247c17cc714,https://www.linkedin.com/in/kevinfbrown82,SAIC,saic,Senior Vice President and Operations Manager--Cybersecurity,,1994,4,2011.0,7.0,207.0,385,False,2026-05-17,False,False,False,Pre-COVID,10000+,Cloud Security,,,0,False,,VP_below_CISO_at_same_company
0627541e-9d6b-4cd4-92b7-87e33a99d682,e475be6a4b7a,https://www.linkedin.com/in/esmondkane,Partners HealthCare,partners healthcare,Deputy CISO,,2013,12,2019.0,8.0,68.0,149,False,2026-05-17,False,False,False,Pre-COVID,10000+,Healthcare,,,0,False,,Excluded_Deputy
2e3e8b69-7f0b-4dcc-96df-dda935369284,18e31116033e,https://www.linkedin.com/in/sunil-seshadri,UnitedHealth Group,unitedhealth,Deputy CISO,,2024,9,2024.0,12.0,3.0,20,False,2026-05-17,False,False,False,Post-COVID,,,,,0,True,,Excluded_Deputy
2cc4ab05-de5e-491f-9a29-fc702c1394ef,f9e986e036c2,https://www.linkedin.com/in/brownjosh,OMNICOM GROUP INC.,omnicom,"Managing Director/Deputy CISO, Global Security Strategy and Architecture, GRC",,2018,1,2018.0,11.0,10.0,100,False,2026-05-17,False,False,False,Pre-COVID,,,,,0,False,,Excluded_Deputy
6eb08d54-9745-4f21-8962-0026cfb73fee,6f21c25a0d16,https://www.linkedin.com/in/sbelders,Omnicom,omnicom,Deputy CISO,,2025,1,,,,16,True,2026-05-17,False,False,False,Post-COVID,10000+,Enterprise Software,,,0,True,,Excluded_Deputy
a338d4f4-92b4-47a8-9475-ff7ca997f9a8,b99b8da35886,https://www.linkedin.com/in/pdentico,Bates Advertising,bates advertising,CTO/Consultant,,1991,2,2004.0,5.0,159.0,423,False,2026-05-17,False,False,False,Pre-COVID,10000+,AdTech / MarTech,,,0,False,,Excluded_Other
9c3629ee-6343-4256-b20f-640f254a97fc,778ecf0abf9f,https://www.linkedin.com/in/w-vahle,"Barnes & Noble, Inc.",barnes & noble,VP of IT Security,,2014,5,2018.0,6.0,49.0,144,False,2026-05-17,False,False,False,Pre-COVID,501-1000,Retail,,,0,False,,VP_below_CISO_at_same_company
b9164900-8fbf-410a-8e71-d10e496601d7,d7710d71c8d3,https://www.linkedin.com/in/nick-salian-414a343,MUFG,mufg,"Director, Cybersecurity Leader / Deputy CISO",,2022,5,2023.0,1.0,8.0,48,False,2026-05-17,False,False,False,Post-COVID,501-1000,Finance / Financial Services,,,0,False,,Excluded_Deputy
bb0b3dd4-f42b-4761-80c3-1f22f03ff082,396610cd17ca,https://www.linkedin.com/in/brianfcox,Cox Enterprises,cox enterprises,Assistant Vice President - Cybersecurity,,2021,6,2023.0,3.0,21.0,59,False,2026-05-17,False,False,False,COVID,10000+,Sports / Entertainment,,,0,False,,VP_below_CISO_at_same_company
276f2fce-d47e-4f0f-8dc2-76eb54cbfa57,a39f64901d9c,https://www.linkedin.com/in/mark-nagiel-ciso-2687542,Armor Holdings,armor,"CTO, Vice President",,2000,4,2001.0,9.0,17.0,313,False,2026-05-17,False,False,False,Pre-COVID,1001-5000,Finance / Financial Services,,,0,False,,Excluded_Other
3e7407ad-4af5-4c5d-ace5-880b0b17e133,f1e12c2ddac3,https://www.linkedin.com/in/vugar-zeyn,Community Health Systems,community health systems,Vice President - Chief Information Officer (CIO),,2024,11,,,,18,True,2026-05-17,False,False,False,Post-COVID,,,,,0,True,,Excluded_Other
88c93500-f1cc-456c-973d-39c7129c88ff,3116dec18d23,https://www.linkedin.com/in/rich-agostino,Target,target,VP - Information Security,,2014,9,2017.0,3.0,30.0,140,False,2026-05-17,False,False,False,Pre-COVID,10000+,Retail,,,0,False,,VP_below_CISO_at_same_company
e7d8bfef-9e65-4e7e-af5b-66ebacab2127,18a183bb79c7,https://www.linkedin.com/in/dougjaworski,"Forethought Financial Group, Inc.",forethought financial,Chief Technology Officer (CTO),,2008,6,2014.0,11.0,77.0,215,False,2026-05-17,False,False,False,Pre-COVID,501-1000,Finance / Financial Services,,,0,False,,Excluded_Other
cda36815-f233-4e4b-96ad-434e6a588ced,8944a1489000,https://www.linkedin.com/in/danlohrmann,State of Michigan,state of michigan,CIO - Department of Management & Budget (DMB),,1997,6,2000.0,6.0,36.0,347,False,2026-05-17,True,True,False,Pre-COVID,5001-10000,Finance / Financial Services,,,0,False,,Excluded_Other
df5d843b-0106-4da2-a0d5-594064fafc4f,303b3a7c4090,https://www.linkedin.com/in/chrisclymer,Inversion6,inversion6,VP of Security Services,,2024,8,,,,21,True,2026-05-17,False,False,False,Post-COVID,51-100,Consumer,,,0,True,,VP_below_CISO_at_same_company
b54bc62f-6de3-4dc5-ba79-567a0c2fda0d,ad8e876d1f97,https://www.linkedin.com/in/moore-jeff,Novartis Institutes for BioMedical Research (NIBR),novartis institutes for biomedical research (nibr),Ad interim Novartis Global Head of Security,,2015,7,2016.0,3.0,8.0,130,False,2026-05-17,False,False,False,Pre-COVID,10000+,Retail,,,0,False,,Excluded_Interim
406024a2-4e26-409f-92bf-e6c2dd2bdeb1,ee9961204f43,https://www.linkedin.com/in/genecasady,BECU,becu,Cyber CTO,,2025,11,,,,6,True,2026-05-17,False,False,False,Post-COVID,5001-10000,Data / Analytics,,,0,True,,Excluded_Other
e690a600-054d-45e8-9f91-414d92925b8e,ee9961204f43,https://www.linkedin.com/in/genecasady,Equinix,equinix,Deputy CISO,,2020,4,2025.0,10.0,66.0,73,False,2026-05-17,False,False,False,COVID,5001-10000,Data / Analytics,,,0,False,,Excluded_Deputy
bdd2031c-75fc-4a9c-a04b-9ca17f8e0c7c,c9d98f398912,https://www.linkedin.com/in/nick-sherwood-colorado,Moody's Corporation,moody's corporation,Deputy CISO,,2020,2,2020.0,4.0,2.0,75,False,2026-05-17,False,False,False,Pre-COVID,10000+,Data / Analytics,,,0,False,,Excluded_Deputy
d99f9beb-e8dd-4a42-a6ea-ba3328139d9d,7b56613e021c,https://www.linkedin.com/in/kooslodewijkx,IBM,ibm,"Vice President, CTO IBM Security",,2017,9,2019.0,2.0,17.0,104,False,2026-05-17,False,False,False,Pre-COVID,10000+,IT / Network,,,0,False,,VP_below_CISO_at_same_company
60d4a25d-b00e-428e-b73c-6eb98fb39715,7b56613e021c,https://www.linkedin.com/in/kooslodewijkx,IBM,ibm,"Director, CTO for IT Risk",,2011,8,2017.0,9.0,73.0,177,False,2026-05-17,False,False,False,Pre-COVID,10000+,IT / Network,,,0,False,,Excluded_Other
81f31559-f1f1-46d2-a8cd-987ba3865c75,6724ca900757,https://www.linkedin.com/in/caleb-merriman-549a813,Highmark Health,highmark health,"VP, Information Security and Risk Management",,2024,7,2025.0,3.0,8.0,22,False,2026-05-17,False,False,False,Post-COVID,1001-5000,Enterprise SaaS,,,0,True,,VP_below_CISO_at_same_company
299b8839-5c79-41de-a30a-c4fb6451f39a,6d9495fd9628,https://www.linkedin.com/in/melreyes,Elite Technical Concierge,elite technical concierge,"Interim Chief Information & Security Officer (CIO/CISO) | Transformation, Risk, & M&A Leader",,2021,6,,,,59,True,2026-05-17,True,False,False,COVID,251-500,Enterprise SaaS,,,0,False,,Excluded_Interim
23884daf-dfc8-47cf-9305-16abf0535952,6d9495fd9628,https://www.linkedin.com/in/melreyes,MiMedia,mimedia,CIO / Senior IT Director of Product Development | Startup Technology Leader,,2012,2,2013.0,8.0,18.0,171,False,2026-05-17,False,False,False,Pre-COVID,251-500,Enterprise SaaS,,,0,False,,Excluded_Other
d70f7e05-eddf-4707-9cba-28fc2128f48f,41ce924972b5,https://www.linkedin.com/in/pcaiazzo,Quorum Cyber,quorum cyber,CTO,,2024,6,,,,23,True,2026-05-17,False,False,False,Post-COVID,101-250,Cloud Security,,,0,True,,Excluded_Other
970844c2-7ff0-4c55-a61c-8428d1e1088a,12ac54da2caa,https://www.linkedin.com/in/reshadalam,Regal Beloit Corporation,regal beloit corporation,"Vice President, Information Systems Security at Regal Rexnord Corporation",,2021,9,,,,56,True,2026-05-17,False,False,False,COVID,,,,,0,False,,VP_below_CISO_at_same_company
d94f3b93-88d4-4304-a00d-b74b089092ee,cb1ef833a091,https://www.linkedin.com/in/kirk-sanford-2b5ab43,Guidewire Software,guidewire software,"Vice President, Information Security",,2016,10,2017.0,4.0,6.0,115,False,2026-05-17,False,False,False,Pre-COVID,5001-10000,Enterprise SaaS,,,0,False,,VP_below_CISO_at_same_company
184e9451-96e5-45fe-9a86-e676ae1c174b,6a6f44f80d46,https://www.linkedin.com/in/charleskaplan,Cenetrix,cenetrix,CTO,,2001,6,2002.0,6.0,12.0,299,False,2026-05-17,True,True,False,Pre-COVID,10000+,Energy,,,0,False,,Excluded_Other
52566778-4b46-490c-87ce-2a6776e31695,71859e8a09da,https://www.linkedin.com/in/stoneadrian,Moderna,moderna,"Chief Technology & Information Security Officer, SVP",,2025,4,,,,13,True,2026-05-17,False,False,False,Post-COVID,1001-5000,HealthTech,,,0,True,,VP_below_CISO_at_same_company
34e50699-4b75-4ea3-938f-23c87411d2cf,c12bc332831b,https://www.linkedin.com/in/stevekrameisen,"First Allied Securities, Inc.",first allied securities,CTO,,2007,1,2014.0,10.0,93.0,232,False,2026-05-17,False,False,False,Pre-COVID,101-250,Finance / Financial Services,,,0,False,,Excluded_Other
a580d9e5-7c6c-45a9-a634-4d49d4bff05d,c12bc332831b,https://www.linkedin.com/in/stevekrameisen,Advanced Equities Financial Corp / First Allied Securities,advanced equities financial corp / first allied securities,CTO,,2007,1,2011.0,10.0,57.0,232,False,2026-05-17,False,False,False,Pre-COVID,101-250,Finance / Financial Services,,,0,False,,Excluded_Other
5d2134b3-155a-4788-89dc-193c6e4c7e92,c12bc332831b,https://www.linkedin.com/in/stevekrameisen,Nathan & Lewis Securities,nathan & lewis securities,CIO,,1986,1,1998.0,5.0,148.0,484,False,2026-05-17,False,False,False,Pre-COVID,101-250,Finance / Financial Services,,,0,False,,Excluded_Other
700d5484-4b3e-4edc-b65e-e36494adc0f5,a8f212a8361f,https://www.linkedin.com/in/anthonyfoust,Belron® International,belron® international,"Senior Vice President (SVP), Global Chief Technology Officer (CTO)",,2023,3,,,,38,True,2026-05-17,False,False,False,Post-COVID,251-500,Industrial / Manufacturing,,,0,False,,Excluded_Other
e573b4d6-3cde-42d5-89fc-27f3fc0e042c,a8f212a8361f,https://www.linkedin.com/in/anthonyfoust,United Therapeutics,united therapeutics,Director of Innovative Technologies (CTO),,2016,4,2018.0,5.0,25.0,121,False,2026-05-17,False,False,False,Pre-COVID,251-500,Industrial / Manufacturing,,,0,False,,Excluded_Other
8fb98345-4c3d-4b91-bdde-a7c5d56035af,a8f212a8361f,https://www.linkedin.com/in/anthonyfoust,AICPA,aicpa,"Director, Enterprise Solutions Delivery (CTO)",,2013,7,2016.0,4.0,33.0,154,False,2026-05-17,False,False,False,Pre-COVID,251-500,Industrial / Manufacturing,,,0,False,,Excluded_Other
7c938a2f-8b7f-420f-8893-90f55b3c16ed,a8f212a8361f,https://www.linkedin.com/in/anthonyfoust,Bob Barker Company,bob barker,Director/Head of Information Technology (CIO),,2012,6,2013.0,7.0,13.0,167,False,2026-05-17,False,False,False,Pre-COVID,251-500,Industrial / Manufacturing,,,0,False,,Excluded_Other
0865fd64-f063-4976-bc0f-8c00d7082e05,a8f212a8361f,https://www.linkedin.com/in/anthonyfoust,"Easter Seals UCP North Carolina & Virginia, Inc.",easter seals ucp north carolina & virginia,Chief Information Officer (CIO),,2003,10,2011.0,5.0,91.0,271,False,2026-05-17,False,False,False,Pre-COVID,251-500,Industrial / Manufacturing,,,0,False,,Excluded_Other
1055f4b8-d3c8-40ac-9bb0-424f3100c4a3,a8f212a8361f,https://www.linkedin.com/in/anthonyfoust,Lidtke Technologies,lidtke,Information Technology Manager (CTO),,2002,11,2003.0,9.0,10.0,282,False,2026-05-17,False,False,False,Pre-COVID,251-500,Industrial / Manufacturing,,,0,False,,Excluded_Other
75c4613b-2b17-4558-97fa-0b0022594ad7,505ac16cb8c7,https://www.linkedin.com/in/bill-alfveby-8785a2,Express Scripts,express scripts,"Deputy CISO, Senior Director Information Risk Management",,2012,9,2016.0,8.0,47.0,164,False,2026-05-17,False,False,False,Pre-COVID,101-250,Consulting / Professional Services,,,0,False,,Excluded_Deputy
60cc85a6-2353-4c2f-9ba6-f8bad7c22954,edc463640f19,https://www.linkedin.com/in/john-o-keefe-77a0b72,GEICO,geico,"Data, Security, Infrastructure VP",,2021,8,2023.0,11.0,27.0,57,False,2026-05-17,False,False,False,COVID,10000+,Insurance,,,0,False,,VP_below_CISO_at_same_company
5aa9998e-45b4-4358-9465-ca508ac2ebe4,f7ba82b451c0,https://www.linkedin.com/in/waltczerminski,Cytellix®,cytellix®,CEO - Interim,,2022,6,2023.0,6.0,12.0,47,False,2026-05-17,True,True,False,Post-COVID,101-250,Consulting / Professional Services,,,0,False,,Excluded_Interim
06577625-dc30-4dcd-9bee-8cfbe03c30c8,f7ba82b451c0,https://www.linkedin.com/in/waltczerminski,BRANDES INVESTMENT PARTNERS,brandes investment partners,Director / CIO / CTO / Head of Information Systems and Technology,,1998,6,2010.0,6.0,144.0,335,False,2026-05-17,True,True,False,Pre-COVID,101-250,Consulting / Professional Services,,,0,False,,Excluded_Other
2cae9e20-44ee-4bc0-bca9-778a13fcd837,c2a93b0351b8,https://www.linkedin.com/in/joesuareo,Ryan Specialty,ryan specialty,Deputy CISO (Contractor),,2025,10,,,,7,True,2026-05-17,False,False,False,Post-COVID,10000+,Restaurant / Hospitality,,,0,True,,Excluded_Deputy
32f38bc6-4255-4212-9d0f-afb81fd1c513,84858d80cbe1,https://www.linkedin.com/in/mrolsen1,ADP,adp,"VP, Global Cybersecurity Services",,2020,7,2022.0,2.0,19.0,70,False,2026-05-17,False,False,False,COVID,10000+,Enterprise Software,,,0,False,,VP_below_CISO_at_same_company
35e93e69-e325-4986-84f9-d62c479b08c8,84858d80cbe1,https://www.linkedin.com/in/mrolsen1,ADP,adp,"VP, Global Technical Security Services",,2016,4,2020.0,7.0,51.0,121,False,2026-05-17,False,False,False,Pre-COVID,10000+,Enterprise Software,,,0,False,,VP_below_CISO_at_same_company
e27f9b22-3e95-4fa4-9e2f-47c3e97f74b6,287ed62a6b52,https://www.linkedin.com/in/ripuckett,Thomson Reuters,thomson reuters,"Vice President - Security Operations, Strategy & Architecture",,2017,3,2018.0,12.0,21.0,110,False,2026-05-17,False,False,False,Pre-COVID,10000+,Industrial / Manufacturing,,,0,False,,VP_below_CISO_at_same_company
993f9867-38a9-45ac-9ce3-aa9018674eec,048763921fd2,https://www.linkedin.com/in/waynepetersoncso,Fidelity National Information Services,fidelity national information,"SVP and Deputy CISO, International Operations/Global Incident Response",,2012,10,2013.0,11.0,13.0,163,False,2026-05-17,False,False,False,Pre-COVID,5001-10000,Cloud Security,,,0,False,,Excluded_Deputy
2cb30feb-d84b-43b5-9411-bd4deb24e5a7,367c5397db17,https://www.linkedin.com/in/kyukwak,E*TRADE,e*trade,"VP, Capital Markets/Enterprise Infrastructure and Security Architecture & Engineering",,2004,9,2017.0,2.0,149.0,260,False,2026-05-17,False,False,False,Pre-COVID,10000+,Finance / Financial Services,,,0,False,,VP_below_CISO_at_same_company
52cb2f02-e15f-4cbd-beab-fd55be316e54,130d867c138a,https://www.linkedin.com/in/erik-naugle-5664525,SAIC,saic,"VP, CTO, ANXeBusiness (an SAIC company)",,2000,6,2004.0,6.0,48.0,311,False,2026-05-17,True,True,False,Pre-COVID,5001-10000,Finance / Financial Services,,,0,False,,Excluded_Other
99c00d70-2c14-4cd5-ae47-b0431acd2f25,130d867c138a,https://www.linkedin.com/in/erik-naugle-5664525,"ANX eBusiness, SAIC","anx ebusiness, saic","VP, CTO",,2000,6,2004.0,6.0,48.0,311,False,2026-05-17,True,True,False,Pre-COVID,5001-10000,Finance / Financial Services,,,0,False,,Excluded_Other
e3c74c53-7441-4f77-b61d-f01496346438,635704270ce3,https://www.linkedin.com/in/mattmartin,LPL Financial,lpl financial,SVP - Head of Advisor Security,,2021,2,2023.0,9.0,31.0,63,False,2026-05-17,False,False,False,COVID,1001-5000,Finance / Financial Services,,,0,False,,VP_below_CISO_at_same_company
579d8fe7-cea5-4831-b36a-38dffd0d72ff,635704270ce3,https://www.linkedin.com/in/mattmartin,LPL Financial,lpl financial,VP – Information Security and Technology Risk,,2017,2,2019.0,5.0,27.0,111,False,2026-05-17,False,False,False,Pre-COVID,1001-5000,Finance / Financial Services,,,0,False,,VP_below_CISO_at_same_company
f0f552e1-ba89-4c68-8d06-1323601ff9bf,e037c4a7fd5a,https://www.linkedin.com/in/andrew-kirkland-9811351,Starbucks,starbucks,"vice president, Global Cybersecurity Services & Deputy CISO",,2019,10,2020.0,1.0,3.0,79,False,2026-05-17,False,False,False,Pre-COVID,10000+,Consumer Packaged Goods,,,0,False,,Excluded_Deputy
ed28e4f8-fb3e-4086-80c3-e2ab5be8e19d,ba7a0f691a73,https://www.linkedin.com/in/damien-stewart,"ClearStar, Inc.",clearstar,Deputy CISO,,2020,10,2022.0,5.0,19.0,67,False,2026-05-17,False,False,False,COVID,51-100,Enterprise Software,,,0,False,,Excluded_Deputy
919fd51c-09f8-478e-ac8a-ad61fb7807f6,f58316a8dfad,https://www.linkedin.com/in/steve-williams-44a94713,Okta,okta,"SVP & CTO, Strategy",,2026,2,,,,3,True,2026-05-17,False,False,False,Post-COVID,10000+,IT / Network,,,0,True,,Excluded_Other
141de546-3374-4948-85dd-346b61c07ee7,ca6f569411a9,https://www.linkedin.com/in/pareshchauhan,McCormick & Company,mccormick &,Deputy CISO,,2023,4,2024.0,2.0,10.0,37,False,2026-05-17,False,False,False,Post-COVID,1001-5000,Insurance,,,0,False,,Excluded_Deputy
70464b8a-88ae-40d3-bf3d-5936d6eadcd1,bf2b0914e1e4,https://www.linkedin.com/in/scotteigenhuis,Lam Research,lam research,"Managing Director, Deputy CISO",,2024,8,,,,21,True,2026-05-17,False,False,False,Post-COVID,5001-10000,Semiconductor,,,0,True,,Excluded_Deputy
3a37f29c-ccf4-4176-b008-c616d3242261,b352eff8d2be,https://www.linkedin.com/in/avarghese,Sony Electronics,sony electronics,"Manager, Information Security to Acting CISO",,2004,1,2006.0,3.0,26.0,268,False,2026-05-17,False,False,False,Pre-COVID,251-500,Enterprise SaaS,,,0,False,,Excluded_Interim
aea123b5-de50-4534-9913-d8acfc399a83,eb560739ce48,https://www.linkedin.com/in/timjjacobs,IBM,ibm,Sr Manager - Enterprise Transformation (CIO),,2013,4,2014.0,9.0,17.0,157,False,2026-05-17,False,False,False,Pre-COVID,5001-10000,Insurance,,,0,False,,Excluded_Other
07234977-ba9d-4f2b-a242-187a72e167da,ffa4c919a2aa,https://www.linkedin.com/in/a-grieco,Cisco,cisco,"SVP, Chief Security & Trust Officer",,2024,2,,,,27,True,2026-05-17,False,False,False,Post-COVID,,,,,0,True,,VP_below_CISO_at_same_company
453c2cc1-8f4d-4258-b12b-725edaf5aae6,520403de497e,https://www.linkedin.com/in/johnjsablan,Sutter Health,sutter health,"Vice President, Information Security",,2023,6,2024.0,8.0,14.0,35,False,2026-05-17,False,False,False,Post-COVID,,,,,0,True,,VP_below_CISO_at_same_company
4bc14b6e-bd4c-4295-8d5f-926bccfae762,1c8ac4e7b98c,https://www.linkedin.com/in/doug-shin-2241721,Capco,capco,RISC and GRC Operations Officer (Deputy CISO),,2014,1,2015.0,11.0,22.0,148,False,2026-05-17,False,False,False,Pre-COVID,10000+,Finance / Financial Services,,,0,False,,Excluded_Deputy
e30fa4b4-6b32-4269-aa2e-f0968d64dad5,1e07d5c0943d,https://www.linkedin.com/in/theitoptimizer,DRS Technologies,drs,Deputy Chief Information Officer (CIO),,2010,10,2013.0,4.0,30.0,187,False,2026-05-17,False,False,False,Pre-COVID,10000+,Industrial / Manufacturing,,,0,False,,Excluded_Other
3536ccfb-397a-493f-b6be-f8bb24053260,4a3c7edfaca3,https://www.linkedin.com/in/stitch,Mad Mobile,mad mobile,Chief Information Security Officer & Acting CIO,,2022,1,2023.0,3.0,14.0,52,False,2026-05-17,False,False,False,Post-COVID,251-500,Enterprise SaaS,,,0,False,,Excluded_Interim
2368187f-28fd-4977-b17f-9425b889ee17,b38c93635cf0,https://www.linkedin.com/in/mefanning,Splunk,splunk,"VP, Product & Software Security; Deputy CISO",,2021,4,2024.0,9.0,41.0,61,False,2026-05-17,False,False,False,COVID,,,,,0,False,,Excluded_Deputy
ef460396-afbd-47c9-995a-a1abbc6e080f,8560488f60ff,https://www.linkedin.com/in/pjmocarski,Ohio National Guard,ohio national guard,"Deputy USPFO (Deputy Director of Finance, Contracting, and Services), Colonel",,2015,8,2016.0,12.0,16.0,129,False,2026-05-17,False,False,False,Pre-COVID,1001-5000,Finance / Financial Services,,,0,False,,Excluded_Interim
579cb0ef-f956-4564-8e86-98cd15e0b7fa,a03d88ffa09a,https://www.linkedin.com/in/johnmccormick,Brookfield Asset Management / Global Real Estate,brookfield asset management / global real estate,VP of IT  (CIO),,2006,6,2010.0,6.0,48.0,239,False,2026-05-17,True,True,False,Pre-COVID,10000+,Finance / Financial Services,,,0,False,,Excluded_Other
4d32a244-b8d8-4792-ae4f-ff969c8e56e9,a03d88ffa09a,https://www.linkedin.com/in/johnmccormick,"Informa Investment Solutions (Cloud, SaaS, ASP)","informa investment solutions (cloud, saas, asp)",CTO - Chief Technology Officer,,2004,6,2006.0,6.0,24.0,263,False,2026-05-17,True,True,False,Pre-COVID,10000+,Finance / Financial Services,,,0,False,,Excluded_Other
42921ced-c7ea-47ef-9c17-c9094f6d2e57,f54e730dec9f,https://www.linkedin.com/in/kevinglynn,Northeast Rehabilitation Hospital Network,northeast rehabilitation hospital network,Chief Information Officer (CIO),,2012,12,2014.0,12.0,24.0,161,False,2026-05-17,False,False,False,Pre-COVID,251-500,HealthTech,,,0,False,,Excluded_Other
763aaef1-67d0-4c9d-9bf3-e8958b8c03d6,aa3e736dd9e4,https://www.linkedin.com/in/jimmotes,"Knightsview Consulting, LLC",knightsview consulting,Interim CISO - GameStop,,2018,9,2018.0,12.0,3.0,92,False,2026-05-17,False,False,False,Pre-COVID,10000+,Enterprise SaaS,,,0,False,,Excluded_Interim
87f5f11a-8f75-4f78-8ef0-ea8b0cac90cf,1b37120f9e13,https://www.linkedin.com/in/shane-callahan-mba-a0b9003,Vanderbilt University,vanderbilt university,Chief Information Officer (CIO),,2023,12,,,,29,True,2026-05-17,False,False,False,Post-COVID,501-1000,Finance / Financial Services,,,0,True,,Excluded_Other
891fc5de-4797-46de-8653-6feab10d3c1b,82308eeb0ee8,https://www.linkedin.com/in/seandmacknyc,"xOps, Inc.",xops,"Co-Founder, CEO, and CTO",,2017,6,2019.0,6.0,24.0,107,False,2026-05-17,True,True,False,Pre-COVID,5001-10000,Enterprise Software,,,0,False,,Excluded_Other
b9b186ae-a727-4c9c-9b1f-2c1b1b2f1851,82308eeb0ee8,https://www.linkedin.com/in/seandmacknyc,"INETLiveTV, Inc.",inetlivetv,Chief Information Officer (CIO),,1999,6,2001.0,6.0,24.0,323,False,2026-05-17,True,True,False,Pre-COVID,5001-10000,Enterprise Software,,,0,False,,Excluded_Other
cfd0442f-73fe-4fbe-a175-8d2cf3c99b07,0b85f4bf80ae,https://www.linkedin.com/in/justinsaudo,MetLife,metlife,"Vice President, IT Risk & Security",,2018,5,2023.0,7.0,62.0,96,False,2026-05-17,False,False,False,Pre-COVID,,,,,0,False,,VP_below_CISO_at_same_company
857773a2-0c3b-4529-8e38-cef9cf786e49,7f4e68ba26da,https://www.linkedin.com/in/anthony-s-0215334,Amgen,amgen,Deputy CISO,,2019,11,2022.0,11.0,36.0,78,False,2026-05-17,False,False,False,Pre-COVID,10000+,BioTech,,,0,False,,Excluded_Deputy
da0fd99a-8db5-426e-99f9-d961822d9c71,17f89f0c9848,https://www.linkedin.com/in/fenlabalme,2idi Corporation,2idi corporation,CTO,,2004,9,2007.0,3.0,30.0,260,False,2026-05-17,False,False,False,Pre-COVID,51-100,Finance / Financial Services,,,0,False,,Excluded_Other
ab4ba0a5-8cf2-45f8-985d-d8e381c2e72e,17f89f0c9848,https://www.linkedin.com/in/fenlabalme,Identity Commons,identity commons,"Co-founder, CTO",,2003,3,2005.0,5.0,26.0,278,False,2026-05-17,False,False,False,Pre-COVID,51-100,Finance / Financial Services,,,0,False,,Excluded_Other
40a1ca35-71a2-44a6-899c-778f7401e0ce,15b0db0ccab6,https://www.linkedin.com/in/joemcmorris,Kukui Corporation,kukui corporation,Interim Chief Information Officer and Chief Information Security Officer,,2020,8,2021.0,3.0,7.0,69,False,2026-05-17,False,False,False,COVID,1001-5000,Enterprise SaaS,,,0,False,,Excluded_Interim
0392422a-025f-44c2-ae52-009c3a8577bc,3b9664467bf0,https://www.linkedin.com/in/kevin-cross-08a70b158,Dell Technologies,dell,"Vice President, Cyber Security",,2018,9,2020.0,5.0,20.0,92,False,2026-05-17,False,False,False,Pre-COVID,10000+,Data / Analytics,,,0,False,,VP_below_CISO_at_same_company
e53f99dd-383d-4555-921b-6db181474e4f,f1e6c65effcd,https://www.linkedin.com/in/dtyburski,Wynn Resorts,wynn resorts,VP of Information Security and Global Deputy CISO,,2026,4,,,,1,True,2026-05-17,False,False,False,Post-COVID,10000+,Enterprise SaaS,,,0,True,,Excluded_Deputy
909018ad-94d7-4d76-8bb3-eb1b99becfb5,bacefcd91389,https://www.linkedin.com/in/clark-smith-99b339,Deutsche Bank,deutsche bank,Global Chief Security Officer (interim),,2018,8,2019.0,1.0,5.0,93,False,2026-05-17,False,False,False,Pre-COVID,10000+,Finance / Financial Services,,,0,False,,Excluded_Interim
37bdb945-fcac-47ff-9b5c-f14bf7a989d3,6ea7f03627e4,https://www.linkedin.com/in/ryanhammer,Blackbaud,blackbaud,"Deputy CISO, Senior Director",,2019,7,2021.0,10.0,27.0,82,False,2026-05-17,False,False,False,Pre-COVID,10000+,Enterprise SaaS,,,0,False,,Excluded_Deputy
9a8d9e95-0667-490d-832f-6581ee1d4810,60d5e9e1f796,https://www.linkedin.com/in/brlucy,"CKE Restaurants, Inc.",cke restaurants,Interim Chief Technology Officer,,2024,6,2024.0,11.0,5.0,23,False,2026-05-17,False,False,False,Post-COVID,10000+,Restaurant / Hospitality,,,0,True,,Excluded_Interim
2a2c18df-6f0a-406d-8320-5e5e20f0fac9,1d6cd8ae71c4,https://www.linkedin.com/in/alandouville,Whirlpool Corporation,whirlpool corporation,VP CIO – North America,,2008,1,2011.0,6.0,41.0,220,False,2026-05-17,False,False,False,Pre-COVID,10000+,HealthTech,,,0,False,,Excluded_Other
2daf2c6b-e27b-4128-942c-da8da04b47ff,fe0be0f34851,https://www.linkedin.com/in/4mcbride,1st Global,1st global,CIO and Vice President,,2013,9,2015.0,1.0,16.0,152,False,2026-05-17,False,False,False,Pre-COVID,10000+,Finance / Financial Services,,,0,False,,Excluded_Other
7089d3ca-ca94-4ea0-a61e-cb2ab12cde6e,fe0be0f34851,https://www.linkedin.com/in/4mcbride,Consulting Services,consulting,CTO Consultant and Technology Director,,2010,5,2011.0,4.0,11.0,192,False,2026-05-17,False,False,False,Pre-COVID,10000+,Finance / Financial Services,,,0,False,,Excluded_Other
af4affbd-0cfb-49cd-9ba9-ee733af9a6d8,5563ad0b512a,https://www.linkedin.com/in/keyurshah1,Sema4 (GeneDx),sema4 (genedx),Deputy CISO,,2018,6,2023.0,1.0,55.0,95,False,2026-05-17,False,False,False,Pre-COVID,501-1000,AI,,,0,False,,Excluded_Deputy
489eac66-a817-45ef-b856-88b9884b414b,8df0803a2040,https://www.linkedin.com/in/terrenceweekes,DJO,djo,Interim CISO,,2015,2,2015.0,7.0,5.0,135,False,2026-05-17,False,False,False,Pre-COVID,10000+,Restaurant / Hospitality,,,0,False,,Excluded_Interim
2e1df48c-61da-4177-8730-6c403069736e,feca4e1f975a,https://www.linkedin.com/in/tim-brown-ciso,CSID,csid,CTO,,2012,1,2012.0,12.0,11.0,172,False,2026-05-17,False,False,False,Pre-COVID,1001-5000,Cloud Security,,,0,False,,Excluded_Other
0d44dee7-c732-43a5-8d22-b884788abb77,feca4e1f975a,https://www.linkedin.com/in/tim-brown-ciso,Symantec,symantec,Senior Director of Architecture and Strategy office of the CTO,,1999,12,2007.0,9.0,93.0,317,False,2026-05-17,False,False,False,Pre-COVID,1001-5000,Cloud Security,,,0,False,,Excluded_Other
98c684a1-4868-4442-a972-fd15b301c38f,b73ba352bc65,https://www.linkedin.com/in/gcarion,Cedars-Sinai,cedars-sinai,CTO,,2014,3,,,,146,True,2026-05-17,False,False,False,Pre-COVID,10000+,Healthcare,,,0,False,,Excluded_Other
b3e9558b-f5f6-42a4-8cec-4d4ae8fe823d,b73ba352bc65,https://www.linkedin.com/in/gcarion,Cedars-Sinai,cedars-sinai,Associate CTO,,2013,11,2014.0,3.0,4.0,150,False,2026-05-17,False,False,False,Pre-COVID,10000+,Healthcare,,,0,False,,Excluded_Other
3e9bbd7a-473e-47a0-84ea-a1e56ecae50a,731862de4a38,https://www.linkedin.com/in/corbin-nash-7b20632,American Express,american express,Interim CISO,,2012,8,2014.0,7.0,23.0,165,False,2026-05-17,False,False,False,Pre-COVID,5001-10000,Cloud Security,,,0,False,,Excluded_Interim
e0bd5523-ac3d-4a79-9c7b-9d78b782da37,98d6766a8c87,https://www.linkedin.com/in/daverankin,VERISIGN,verisign,Vice President Information Security,,2018,5,2021.0,8.0,39.0,96,False,2026-05-17,False,False,False,Pre-COVID,5001-10000,Cloud Security,,,0,False,,VP_below_CISO_at_same_company
a2471978-45c2-4172-b289-10ed23949902,98d6766a8c87,https://www.linkedin.com/in/daverankin,Raytheon Systems Limited,raytheon systems,Chief Information Officer (CIO),,2015,7,2016.0,7.0,12.0,130,False,2026-05-17,False,False,False,Pre-COVID,5001-10000,Cloud Security,,,0,False,,Excluded_Other
fdf99565-c240-46f7-a872-1366fc5fc191,98d6766a8c87,https://www.linkedin.com/in/daverankin,"Raytheon Intelligence, Information and Services (IIS)","raytheon intelligence, information and services (iis)",Chief Information Officer (CIO),,2014,6,2014.0,8.0,2.0,143,False,2026-05-17,False,False,False,Pre-COVID,5001-10000,Cloud Security,,,0,False,,Excluded_Other
728d1d3f-595d-492e-997f-bc581ff5558f,4b513b6da8ae,https://www.linkedin.com/in/jeffjavits,Synovus Financial Corporation,synovus financial corporation,Chief Technology Officer (CTO) (Interim),,2012,5,2012.0,8.0,3.0,168,False,2026-05-17,False,False,False,Pre-COVID,11-50,Finance / Financial Services,,,0,False,,Excluded_Interim
7f7a9756-f4a0-4a0c-b06c-dd4affc5563d,4b513b6da8ae,https://www.linkedin.com/in/jeffjavits,Synovus Financial Corporation,synovus financial corporation,Chief Information Security Officer (CISO)  (Interim),,2012,2,2012.0,5.0,3.0,171,False,2026-05-17,False,False,False,Pre-COVID,11-50,Finance / Financial Services,,,0,False,,Excluded_Interim
815d919a-ab3f-43a4-895c-52ea14a43b80,994715d71ecf,https://www.linkedin.com/in/rdhughes66,Crocs,crocs,VP Global IT Infrastructure & Security,,2018,11,2022.0,11.0,48.0,90,False,2026-05-17,False,False,False,Pre-COVID,5001-10000,Retail,,,0,False,,VP_below_CISO_at_same_company
8468cadd-b0ec-4e83-8524-d92712a00200,a1afd951de09,https://www.linkedin.com/in/lee-parrish,Blucora,blucora,"Vice President, Chief Information Security Officer + Chief Security Officer + Interim CIO",,2017,4,2020.0,4.0,36.0,109,False,2026-05-17,False,False,False,Pre-COVID,,,,,0,False,,Excluded_Interim
d2991c5c-b493-41ca-a07a-626349cd6aa2,afb3dadfd646,https://www.linkedin.com/in/fisher,WellSky,wellsky,VP of Information Security,,2021,9,2025.0,2.0,41.0,56,False,2026-05-17,False,False,False,COVID,1001-5000,Enterprise SaaS,,,0,False,,VP_below_CISO_at_same_company
d85cc99b-7121-4836-848f-6d8a3f9cb651,8f0d3c4b3b09,https://www.linkedin.com/in/rohitkohli,Genpact,genpact,Vice President Information Security,,2021,5,2024.0,1.0,32.0,60,False,2026-05-17,False,False,False,COVID,10000+,IT / Network,,,0,False,,VP_below_CISO_at_same_company
8fa2b413-17b2-4382-a7bb-7b759cc1a97a,8f0d3c4b3b09,https://www.linkedin.com/in/rohitkohli,Genpact,genpact,Assistant Vice President Information Security,,2016,6,2021.0,5.0,59.0,119,False,2026-05-17,False,False,False,Pre-COVID,10000+,IT / Network,,,0,False,,VP_below_CISO_at_same_company
4e759b84-b93a-4814-9dde-f1e787201583,35d3f2f4f14d,https://www.linkedin.com/in/selimstiti,Mechanics Bank,mechanics bank,Vice President / Information Security Manager,,2016,3,2017.0,11.0,20.0,122,False,2026-05-17,False,False,False,Pre-COVID,501-1000,Finance / Financial Services,,,0,False,,VP_below_CISO_at_same_company
f52fe461-874e-4c2a-ac33-11303ef2adb4,906284517d6b,https://www.linkedin.com/in/paultucker2,BOK Financial,bok financial,"SVP, Senior Director - Cyber Security",,2018,12,,,,89,True,2026-05-17,False,False,False,Pre-COVID,5001-10000,Finance / Financial Services,,,0,False,,VP_below_CISO_at_same_company
c238af0d-9149-4726-b9f9-00746e46c67a,906284517d6b,https://www.linkedin.com/in/paultucker2,BOK Financial,bok financial,"Senior Vice President, Director Information Security",,2015,9,,,,128,True,2026-05-17,False,False,False,Pre-COVID,5001-10000,Finance / Financial Services,,,0,False,,VP_below_CISO_at_same_company
d595c27b-8e6c-429e-80cb-3b5a8126786f,8c36927efb96,https://www.linkedin.com/in/frank-schmahlenberger-062471,Banc of California,banc of california,"SVP, Deputy CISO",,2023,12,2025.0,11.0,23.0,29,False,2026-05-17,False,False,False,Post-COVID,1001-5000,Finance / Financial Services,,,0,True,,Excluded_Deputy
38c36c37-e1bb-410a-85ff-aa9d9e6fb352,8c36927efb96,https://www.linkedin.com/in/frank-schmahlenberger-062471,Banc of California,banc of california,"VP, Deputy Information Security Officer",,2020,9,2023.0,7.0,34.0,68,False,2026-05-17,False,False,False,COVID,1001-5000,Finance / Financial Services,,,0,False,,VP_below_CISO_at_same_company
5516bc1b-596a-4dd2-b643-9f62f14fa443,cf9555912689,https://www.linkedin.com/in/tdeangelo,Encova Insurance,encova insurance,Assistant Vice President Information Security,,2019,7,2021.0,10.0,27.0,82,False,2026-05-17,False,False,False,Pre-COVID,501-1000,Insurance,,,0,False,,VP_below_CISO_at_same_company
796e5aab-1409-4cbd-b954-a434ebc6866e,df2c7c99835c,https://www.linkedin.com/in/bill-ohern,AT&T,at&t,Vice President - Security,,1996,6,2016.0,1.0,235.0,359,False,2026-05-17,True,False,False,Pre-COVID,,,,,0,False,,VP_below_CISO_at_same_company
71d02d21-d0af-4767-8584-ca91ffb08120,bf391ddea3ac,https://www.linkedin.com/in/philipkeibler,Bass Pro Shops,bass pro shops,CIO,,2015,3,2015.0,8.0,5.0,134,False,2026-05-17,False,False,False,Pre-COVID,10000+,Retail,,,0,False,,Excluded_Other
a28c5e00-5370-44a4-a3f5-5b97dc3e2a38,c953b6a3e35d,https://www.linkedin.com/in/vincent-miller-5aa4562a,Aramark,aramark,"SVP, CIO US",,2022,11,,,,42,True,2026-05-17,False,False,False,Post-COVID,10000+,Industrial / Manufacturing,,,0,False,,Excluded_Other
55b5763b-7b4a-44ff-a05a-3167c572f625,05cf3d5bdef6,https://www.linkedin.com/in/markfitlin,The Clearing House,the clearing house,"VP, Head of Technology and Information Security Risk",,2025,6,,,,11,True,2026-05-17,False,False,False,Post-COVID,251-500,Finance / Financial Services,,,0,True,,VP_below_CISO_at_same_company
066981b1-3f47-43c6-85df-575cabedc8fb,05cf3d5bdef6,https://www.linkedin.com/in/markfitlin,The Clearing House,the clearing house,"VP, Information Security",,2014,3,2016.0,3.0,24.0,146,False,2026-05-17,False,False,False,Pre-COVID,251-500,Finance / Financial Services,,,0,False,,VP_below_CISO_at_same_company
e4df39b7-99c7-4e4f-8c85-f0504e40a60d,8e9c380859bd,https://www.linkedin.com/in/rmikegreen,Express Scripts,express scripts,"Deputy CISO, Sr. Director Cyber Security",,2016,7,2019.0,1.0,30.0,118,False,2026-05-17,False,False,False,Pre-COVID,501-1000,HealthTech,,,0,False,,Excluded_Deputy
82f46c33-1c55-4263-a7a3-9ce6b0d94de9,302103ef0cb2,https://www.linkedin.com/in/coderrem,The Hanover Insurance Group,the hanover insurance,"Vice President, Deputy CISO",,2020,5,,,,72,True,2026-05-17,False,False,False,COVID,5001-10000,Insurance,,,0,False,,Excluded_Deputy
50161c69-3b26-4a85-b383-2c0238934115,189721fa4e8e,https://www.linkedin.com/in/patrick-reidy-6b59b030,CSC,csc,"Vice President and General Manager, Global Cybersecurity",,2014,9,2015.0,11.0,14.0,140,False,2026-05-17,False,False,False,Pre-COVID,10000+,Shipping / Transportation,,,0,False,,VP_below_CISO_at_same_company
73a9d4c1-9f0f-49b5-85f9-6021a1c8b705,eb0b0b3f14f8,https://www.linkedin.com/in/hoveringcto,Paxos,paxos,Interim CISO,,2021,11,2023.0,10.0,23.0,54,False,2026-05-17,False,False,False,COVID,101-250,FinTech,,,0,False,,Excluded_Interim
6ee73c78-a9d0-4e97-967a-a319ebd1cac6,eb0b0b3f14f8,https://www.linkedin.com/in/hoveringcto,DerbyGames,derbygames,CTO and Co-Founder,,2012,3,2019.0,1.0,82.0,170,False,2026-05-17,False,False,False,Pre-COVID,101-250,FinTech,,,0,False,,Excluded_Other
75f6bc05-7bfe-430a-a8ea-5d8eabd80802,766eaff73eff,https://www.linkedin.com/in/skjpope,V4 Final,v4 final,Co-founder and Chief Technology Officer (CTO),,2025,1,,,,16,True,2026-05-17,False,False,False,Post-COVID,10000+,Insurance,,,0,True,,Excluded_Other
34542238-9922-4ba8-ad9f-4300c1eee6e8,766eaff73eff,https://www.linkedin.com/in/skjpope,Veriluma,veriluma,Chief Technology Officer (CTO),,2009,11,2012.0,5.0,30.0,198,False,2026-05-17,False,False,False,Pre-COVID,10000+,Insurance,,,0,False,,Excluded_Other
7beb86a5-4bd3-4d00-b4fb-67ee27244753,f4a7dc432bd2,https://www.linkedin.com/in/eddy-donald,University of Surrey,university of surrey,Interim CISO/Senior Security Consultant,,2019,4,2020.0,3.0,11.0,85,False,2026-05-17,False,False,False,Pre-COVID,1-10,Consulting / Professional Services,,,0,False,,Excluded_Interim
